,Month,Day,Year,Open,High,Low,Close,Adj_Close,Volume
0,8,Sept,2023,0.5658,0.5658,0.5658,0.5658,0.5658,-
1,7,Sept,2023,0.5628,0.5628,0.5628,0.5628,0.5628,-
2,6,Sept,2023,0.5569,0.5569,0.5569,0.5569,0.5569,-
3,5,Sept,2023,0.5583,0.5583,0.5583,0.5583,0.5583,-
4,4,Sept,2023,0.5642,0.5642,0.5642,0.5642,0.5642,-
5,1,Sept,2023,0.5620,0.5620,0.5620,0.5620,0.5620,-
6,31,Aug,2023,0.5680,0.5680,0.5680,0.5680,0.5680,-
7,30,Aug,2023,0.5697,0.5697,0.5697,0.5697,0.5697,-
8,29,Aug,2023,0.5627,0.5627,0.5627,0.5627,0.5627,-
9,25,Aug,2023,0.5533,0.5533,0.5533,0.5533,0.5533,-
10,24,Aug,2023,0.5501,0.5501,0.5501,0.5501,0.5501,-
11,23,Aug,2023,0.5452,0.5452,0.5452,0.5452,0.5452,-
12,22,Aug,2023,0.5444,0.5444,0.5444,0.5444,0.5444,-
13,21,Aug,2023,0.5466,0.5466,0.5466,0.5466,0.5466,-
14,18,Aug,2023,0.5433,0.5433,0.5433,0.5433,0.5433,-
15,17,Aug,2023,0.5365,0.5365,0.5365,0.5365,0.5365,-
16,16,Aug,2023,0.5311,0.5311,0.5311,0.5311,0.5311,-
17,15,Aug,2023,0.5332,0.5332,0.5332,0.5332,0.5332,-
18,14,Aug,2023,0.5257,0.5257,0.5257,0.5257,0.5257,-
19,11,Aug,2023,0.5295,0.5295,0.5295,0.5295,0.5295,-
20,10,Aug,2023,0.5340,0.5340,0.5340,0.5340,0.5340,-
21,9,Aug,2023,0.5283,0.5283,0.5283,0.5283,0.5283,-
22,8,Aug,2023,0.5239,0.5239,0.5239,0.5239,0.5239,-
23,7,Aug,2023,0.5314,0.5314,0.5314,0.5314,0.5314,-
24,4,Aug,2023,0.5247,0.5247,0.5247,0.5247,0.5247,-
25,3,Aug,2023,0.5164,0.5164,0.5164,0.5164,0.5164,-
26,2,Aug,2023,0.5131,0.5131,0.5131,0.5131,0.5131,-
27,1,Aug,2023,0.5141,0.5141,0.5141,0.5141,0.5141,-
28,31,Jul,2023,0.5125,0.5125,0.5125,0.5125,0.5125,-
29,28,Jul,2023,0.5085,0.5085,0.5085,0.5085,0.5085,-
30,27,Jul,2023,0.5081,0.5081,0.5081,0.5081,0.5081,-
31,26,Jul,2023,0.5070,0.5070,0.5070,0.5070,0.5070,-
32,25,Jul,2023,0.5065,0.5065,0.5065,0.5065,0.5065,-
33,24,Jul,2023,0.5060,0.5060,0.5060,0.5060,0.5060,-
34,21,Jul,2023,0.5066,0.5066,0.5066,0.5066,0.5066,-
35,20,Jul,2023,0.5035,0.5035,0.5035,0.5035,0.5035,-
36,19,Jul,2023,0.5006,0.5006,0.5006,0.5006,0.5006,-
37,18,Jul,2023,0.4967,0.4967,0.4967,0.4967,0.4967,-
38,17,Jul,2023,0.5054,0.5054,0.5054,0.5054,0.5054,-
39,14,Jul,2023,0.5060,0.5060,0.5060,0.5060,0.5060,-
40,13,Jul,2023,0.5099,0.5099,0.5099,0.5099,0.5099,-
41,12,Jul,2023,0.5099,0.5099,0.5099,0.5099,0.5099,-
42,11,Jul,2023,0.5045,0.5045,0.5045,0.5045,0.5045,-
43,10,Jul,2023,0.5072,0.5072,0.5072,0.5072,0.5072,-
44,7,Jul,2023,0.5077,0.5077,0.5077,0.5077,0.5077,-
45,6,Jul,2023,0.5053,0.5053,0.5053,0.5053,0.5053,-
46,5,Jul,2023,0.5038,0.5038,0.5038,0.5038,0.5038,-
47,4,Jul,2023,0.5001,0.5001,0.5001,0.5001,0.5001,-
48,3,Jul,2023,0.5063,0.5063,0.5063,0.5063,0.5063,-
49,30,Jun,2023,0.5031,0.5031,0.5031,0.5031,0.5031,-
50,29,Jun,2023,0.5009,0.5009,0.5009,0.5009,0.5009,-
51,28,Jun,2023,0.5009,0.5009,0.5009,0.5009,0.5009,-
52,27,Jun,2023,0.5084,0.5084,0.5084,0.5084,0.5084,-
53,26,Jun,2023,0.5051,0.5051,0.5051,0.5051,0.5051,-
54,23,Jun,2023,0.5055,0.5055,0.5055,0.5055,0.5055,-
55,22,Jun,2023,0.5115,0.5115,0.5115,0.5115,0.5115,-
56,21,Jun,2023,0.5120,0.5120,0.5120,0.5120,0.5120,-
57,20,Jun,2023,0.5070,0.5070,0.5070,0.5070,0.5070,-
58,19,Jun,2023,0.5165,0.5165,0.5165,0.5165,0.5165,-
59,16,Jun,2023,0.5161,0.5161,0.5161,0.5161,0.5161,-
60,15,Jun,2023,0.5199,0.5199,0.5199,0.5199,0.5199,-
61,14,Jun,2023,0.5193,0.5193,0.5193,0.5193,0.5193,-
62,13,Jun,2023,0.5193,0.5193,0.5193,0.5193,0.5193,-
63,12,Jun,2023,0.5148,0.5148,0.5148,0.5148,0.5148,-
64,9,Jun,2023,0.5184,0.5184,0.5184,0.5184,0.5184,-
65,8,Jun,2023,0.5206,0.5206,0.5206,0.5206,0.5206,-
66,7,Jun,2023,0.5139,0.5139,0.5139,0.5139,0.5139,-
67,6,Jun,2023,0.5113,0.5113,0.5113,0.5113,0.5113,-
68,5,Jun,2023,0.5138,0.5138,0.5138,0.5138,0.5138,-
69,2,Jun,2023,0.5081,0.5081,0.5081,0.5081,0.5081,-
70,1,Jun,2023,0.5099,0.5099,0.5099,0.5099,0.5099,-
71,31,May,2023,0.5031,0.5031,0.5031,0.5031,0.5031,-
72,30,May,2023,0.5060,0.5060,0.5060,0.5060,0.5060,-
73,26,May,2023,0.4986,0.4986,0.4986,0.4986,0.4986,-
74,25,May,2023,0.4966,0.4966,0.4966,0.4966,0.4966,-
75,24,May,2023,0.4974,0.4974,0.4974,0.4974,0.4974,-
76,23,May,2023,0.4976,0.4976,0.4976,0.4976,0.4976,-
77,22,May,2023,0.4980,0.4980,0.4980,0.4980,0.4980,-
78,19,May,2023,0.4940,0.4940,0.4940,0.4940,0.4940,-
79,18,May,2023,0.4833,0.4833,0.4833,0.4833,0.4833,-
80,17,May,2023,0.4807,0.4807,0.4807,0.4807,0.4807,-
81,16,May,2023,0.4769,0.4769,0.4769,0.4769,0.4769,-
82,15,May,2023,0.4797,0.4797,0.4797,0.4797,0.4797,-
83,12,May,2023,0.4701,0.4701,0.4701,0.4701,0.4701,-
84,11,May,2023,0.4762,0.4762,0.4762,0.4762,0.4762,-
85,10,May,2023,0.4712,0.4712,0.4712,0.4712,0.4712,-
86,9,May,2023,0.4674,0.4674,0.4674,0.4674,0.4674,-
87,5,May,2023,0.4694,0.4694,0.4694,0.4694,0.4694,-
88,4,May,2023,0.4656,0.4656,0.4656,0.4656,0.4656,-
89,3,May,2023,0.4702,0.4702,0.4702,0.4702,0.4702,-
90,2,May,2023,0.4625,0.4625,0.4625,0.4625,0.4625,-
91,28,Apr,2023,0.4626,0.4626,0.4626,0.4626,0.4626,-
92,27,Apr,2023,0.4631,0.4631,0.4631,0.4631,0.4631,-
93,26,Apr,2023,0.4669,0.4669,0.4669,0.4669,0.4669,-
94,25,Apr,2023,0.4647,0.4647,0.4647,0.4647,0.4647,-
95,24,Apr,2023,0.4643,0.4643,0.4643,0.4643,0.4643,-
96,21,Apr,2023,0.4634,0.4634,0.4634,0.4634,0.4634,-
97,20,Apr,2023,0.4685,0.4685,0.4685,0.4685,0.4685,-
98,19,Apr,2023,0.4672,0.4672,0.4672,0.4672,0.4672,-
99,18,Apr,2023,0.4715,0.4715,0.4715,0.4715,0.4715,-
100,17,Apr,2023,0.4740,0.4740,0.4740,0.4740,0.4740,-
101,14,Apr,2023,0.4708,0.4708,0.4708,0.4708,0.4708,-
102,13,Apr,2023,0.4695,0.4695,0.4695,0.4695,0.4695,-
103,12,Apr,2023,0.4665,0.4665,0.4665,0.4665,0.4665,-
104,11,Apr,2023,0.4698,0.4698,0.4698,0.4698,0.4698,-
105,6,Apr,2023,0.4659,0.4659,0.4659,0.4659,0.4659,-
106,5,Apr,2023,0.4688,0.4688,0.4688,0.4688,0.4688,-
107,4,Apr,2023,0.4708,0.4708,0.4708,0.4708,0.4708,-
108,3,Apr,2023,0.4681,0.4681,0.4681,0.4681,0.4681,-
109,31,Mar,2023,0.4692,0.4692,0.4692,0.4692,0.4692,-
110,30,Mar,2023,0.4674,0.4674,0.4674,0.4674,0.4674,-
111,29,Mar,2023,0.4629,0.4629,0.4629,0.4629,0.4629,-
112,28,Mar,2023,0.4625,0.4625,0.4625,0.4625,0.4625,-
113,27,Mar,2023,0.4610,0.4610,0.4610,0.4610,0.4610,-
114,24,Mar,2023,0.4618,0.4618,0.4618,0.4618,0.4618,-
115,23,Mar,2023,0.4663,0.4663,0.4663,0.4663,0.4663,-
116,22,Mar,2023,0.4683,0.4683,0.4683,0.4683,0.4683,-
117,21,Mar,2023,0.4683,0.4683,0.4683,0.4683,0.4683,-
118,20,Mar,2023,0.4594,0.4594,0.4594,0.4594,0.4594,-
119,17,Mar,2023,0.4697,0.4697,0.4697,0.4697,0.4697,-
120,16,Mar,2023,0.4775,0.4775,0.4775,0.4775,0.4775,-
121,15,Mar,2023,0.4744,0.4744,0.4744,0.4744,0.4744,-
122,14,Mar,2023,0.4819,0.4819,0.4819,0.4819,0.4819,-
123,13,Mar,2023,0.4848,0.4848,0.4848,0.4848,0.4848,-
124,10,Mar,2023,0.4924,0.4924,0.4924,0.4924,0.4924,-
125,9,Mar,2023,0.4866,0.4866,0.4866,0.4866,0.4866,-
126,8,Mar,2023,0.4800,0.4800,0.4800,0.4800,0.4800,-
127,7,Mar,2023,0.4833,0.4833,0.4833,0.4833,0.4833,-
128,6,Mar,2023,0.4834,0.4834,0.4834,0.4834,0.4834,-
129,3,Mar,2023,0.4749,0.4749,0.4749,0.4749,0.4749,-
130,2,Mar,2023,0.4802,0.4802,0.4802,0.4802,0.4802,-
131,1,Mar,2023,0.4802,0.4802,0.4802,0.4802,0.4802,-
132,28,Feb,2023,0.4843,0.4843,0.4843,0.4843,0.4843,-
133,27,Feb,2023,0.4827,0.4827,0.4827,0.4827,0.4827,-
134,24,Feb,2023,0.4733,0.4733,0.4733,0.4733,0.4733,-
135,23,Feb,2023,0.4730,0.4730,0.4730,0.4730,0.4730,-
136,22,Feb,2023,0.4727,0.4727,0.4727,0.4727,0.4727,-
137,21,Feb,2023,0.4742,0.4742,0.4742,0.4742,0.4742,-
138,20,Feb,2023,0.4702,0.4702,0.4702,0.4702,0.4702,-
139,17,Feb,2023,0.4674,0.4674,0.4674,0.4674,0.4674,-
140,16,Feb,2023,0.4668,0.4668,0.4668,0.4668,0.4668,-
141,15,Feb,2023,0.4656,0.4656,0.4656,0.4656,0.4656,-
142,14,Feb,2023,0.4712,0.4712,0.4712,0.4712,0.4712,-
143,13,Feb,2023,0.4685,0.4685,0.4685,0.4685,0.4685,-
144,10,Feb,2023,0.4708,0.4708,0.4708,0.4708,0.4708,-
145,9,Feb,2023,0.4726,0.4726,0.4726,0.4726,0.4726,-
146,8,Feb,2023,0.4710,0.4710,0.4710,0.4710,0.4710,-
147,7,Feb,2023,0.4685,0.4685,0.4685,0.4685,0.4685,-
148,6,Feb,2023,0.4676,0.4676,0.4676,0.4676,0.4676,-
149,3,Feb,2023,0.4683,0.4683,0.4683,0.4683,0.4683,-
150,2,Feb,2023,0.4738,0.4738,0.4738,0.4738,0.4738,-
151,1,Feb,2023,0.4735,0.4735,0.4735,0.4735,0.4735,-
152,31,Jan,2023,0.4719,0.4719,0.4719,0.4719,0.4719,-
153,30,Jan,2023,0.4730,0.4730,0.4730,0.4730,0.4730,-
154,27,Jan,2023,0.4710,0.4710,0.4710,0.4710,0.4710,-
155,26,Jan,2023,0.4827,0.4827,0.4827,0.4746,0.4746,6
156,25,Jan,2023,0.4755,0.4755,0.4755,0.4755,0.4755,-
157,24,Jan,2023,0.4742,0.4742,0.4742,0.4742,0.4742,-
158,23,Jan,2023,0.4749,0.4749,0.4749,0.4749,0.4749,-
159,20,Jan,2023,0.4767,0.4767,0.4767,0.4767,0.4767,-
160,19,Jan,2023,0.4737,0.4737,0.4737,0.4737,0.4737,-
161,18,Jan,2023,0.4732,0.4732,0.4732,0.4732,0.4732,-
162,17,Jan,2023,0.4746,0.4746,0.4746,0.4746,0.4746,-
163,16,Jan,2023,0.4758,0.4758,0.4758,0.4758,0.4758,-
164,13,Jan,2023,0.4798,0.4798,0.4798,0.4798,0.4798,-
165,12,Jan,2023,0.4805,0.4805,0.4805,0.4805,0.4805,-
166,11,Jan,2023,0.4767,0.4767,0.4767,0.4767,0.4767,-
167,10,Jan,2023,0.4764,0.4764,0.4764,0.4764,0.4764,-
168,9,Jan,2023,0.4656,0.4656,0.4656,0.4656,0.4656,-
169,6,Jan,2023,0.4638,0.4638,0.4638,0.4638,0.4638,-
170,5,Jan,2023,0.4627,0.4627,0.4627,0.4627,0.4627,-
171,4,Jan,2023,0.4634,0.4634,0.4634,0.4634,0.4634,-
172,3,Jan,2023,0.4622,0.4622,0.4622,0.4622,0.4622,-
173,30,Dec,2022,0.4670,0.4670,0.4670,0.4670,0.4670,-
174,29,Dec,2022,0.4670,0.4670,0.4670,0.4670,0.4670,-
175,28,Dec,2022,0.4648,0.4648,0.4648,0.4648,0.4648,-
176,23,Dec,2022,0.4611,0.4611,0.4611,0.4611,0.4611,-
177,22,Dec,2022,0.4614,0.4614,0.4614,0.4614,0.4614,-
178,21,Dec,2022,0.4623,0.4623,0.4623,0.4623,0.4623,-
179,20,Dec,2022,0.4626,0.4626,0.4626,0.4626,0.4626,-
180,19,Dec,2022,0.4602,0.4602,0.4602,0.4602,0.4602,-
181,16,Dec,2022,0.4617,0.4617,0.4617,0.4617,0.4617,-
182,15,Dec,2022,0.4638,0.4638,0.4638,0.4638,0.4638,-
183,14,Dec,2022,0.4656,0.4656,0.4656,0.4656,0.4656,-
184,13,Dec,2022,0.4686,0.4686,0.4686,0.4686,0.4686,-
185,12,Dec,2022,0.4654,0.4654,0.4654,0.4654,0.4654,-
186,9,Dec,2022,0.4685,0.4685,0.4685,0.4685,0.4685,-
187,8,Dec,2022,0.4661,0.4661,0.4661,0.4661,0.4661,-
188,7,Dec,2022,0.4692,0.4692,0.4692,0.4692,0.4692,-
189,6,Dec,2022,0.4703,0.4703,0.4703,0.4703,0.4703,-
190,5,Dec,2022,0.4643,0.4643,0.4643,0.4643,0.4643,-
191,2,Dec,2022,0.4674,0.4674,0.4674,0.4674,0.4674,-
192,1,Dec,2022,0.4661,0.4661,0.4661,0.4661,0.4661,-
193,30,Nov,2022,0.4622,0.4622,0.4622,0.4622,0.4622,-
194,29,Nov,2022,0.4627,0.4627,0.4627,0.4627,0.4627,-
195,28,Nov,2022,0.4586,0.4586,0.4586,0.4586,0.4586,-
196,25,Nov,2022,0.4614,0.4614,0.4614,0.4614,0.4614,-
197,24,Nov,2022,0.4593,0.4593,0.4593,0.4593,0.4593,-
198,23,Nov,2022,0.4622,0.4622,0.4622,0.4622,0.4622,-
199,22,Nov,2022,0.4591,0.4591,0.4591,0.4591,0.4591,-
200,21,Nov,2022,0.4581,0.4581,0.4581,0.4581,0.4581,-
201,18,Nov,2022,0.4581,0.4581,0.4581,0.4581,0.4581,-
202,17,Nov,2022,0.4544,0.4544,0.4544,0.4544,0.4544,-
203,16,Nov,2022,0.4619,0.4619,0.4619,0.4619,0.4619,-
204,15,Nov,2022,0.4643,0.4643,0.4643,0.4643,0.4643,-
205,14,Nov,2022,0.4645,0.4645,0.4645,0.4645,0.4645,-
206,11,Nov,2022,0.4713,0.4713,0.4713,0.4713,0.4713,-
207,10,Nov,2022,0.4640,0.4640,0.4640,0.4640,0.4640,-
208,9,Nov,2022,0.4622,0.4622,0.4622,0.4622,0.4622,-
209,8,Nov,2022,0.4627,0.4627,0.4627,0.4627,0.4627,-
210,7,Nov,2022,0.4707,0.4707,0.4707,0.4707,0.4707,-
211,4,Nov,2022,0.4642,0.4642,0.4642,0.4642,0.4642,-
212,3,Nov,2022,0.4572,0.4572,0.4572,0.4572,0.4572,-
213,2,Nov,2022,0.4622,0.4622,0.4622,0.4622,0.4622,-
214,1,Nov,2022,0.4608,0.4608,0.4608,0.4608,0.4608,-
215,31,Oct,2022,0.4564,0.4564,0.4564,0.4564,0.4564,-
216,28,Oct,2022,0.4540,0.4540,0.4540,0.4540,0.4540,-
217,27,Oct,2022,0.4551,0.4551,0.4551,0.4551,0.4551,-
218,26,Oct,2022,0.4574,0.4574,0.4574,0.4574,0.4574,-
219,25,Oct,2022,0.4556,0.4556,0.4556,0.4556,0.4556,-
220,24,Oct,2022,0.4532,0.4532,0.4532,0.4532,0.4532,-
221,21,Oct,2022,0.4530,0.4530,0.4530,0.4530,0.4530,-
222,20,Oct,2022,0.4493,0.4493,0.4493,0.4493,0.4493,-
223,19,Oct,2022,0.4493,0.4493,0.4493,0.4493,0.4493,-
224,18,Oct,2022,0.4584,0.4584,0.4584,0.4584,0.4584,-
225,17,Oct,2022,0.4529,0.4529,0.4529,0.4529,0.4529,-
226,14,Oct,2022,0.4547,0.4547,0.4547,0.4547,0.4547,-
227,13,Oct,2022,0.4528,0.4528,0.4528,0.4528,0.4528,-
228,12,Oct,2022,0.4536,0.4536,0.4536,0.4536,0.4536,-
229,11,Oct,2022,0.4540,0.4540,0.4540,0.4540,0.4540,-
230,10,Oct,2022,0.4527,0.4527,0.4527,0.4527,0.4527,-
231,7,Oct,2022,0.4533,0.4533,0.4533,0.4533,0.4533,-
232,6,Oct,2022,0.4539,0.4539,0.4539,0.4539,0.4539,-
233,5,Oct,2022,0.4539,0.4539,0.4539,0.4539,0.4539,-
234,4,Oct,2022,0.4581,0.4581,0.4581,0.4581,0.4581,-
235,3,Oct,2022,0.4489,0.4489,0.4489,0.4489,0.4489,-
236,30,Sept,2022,0.4606,0.4606,0.4606,0.4606,0.4606,-
237,29,Sept,2022,0.4570,0.4570,0.4570,0.4570,0.4570,-
238,28,Sept,2022,0.4589,0.4589,0.4589,0.4589,0.4589,-
239,27,Sept,2022,0.4663,0.4663,0.4663,0.4663,0.4663,-
240,26,Sept,2022,0.4568,0.4568,0.4568,0.4568,0.4568,-
241,23,Sept,2022,0.4622,0.4622,0.4622,0.4622,0.4622,-
242,22,Sept,2022,0.4656,0.4656,0.4656,0.4656,0.4656,-
243,21,Sept,2022,0.4656,0.4656,0.4656,0.4656,0.4656,-
244,20,Sept,2022,0.4699,0.4699,0.4699,0.4699,0.4699,-
245,16,Sept,2022,0.4732,0.4732,0.4732,0.4732,0.4732,-
246,15,Sept,2022,0.4755,0.4755,0.4755,0.4755,0.4755,-
247,14,Sept,2022,0.4821,0.4821,0.4821,0.4821,0.4821,-
248,13,Sept,2022,0.4821,0.4821,0.4821,0.4821,0.4821,-
249,12,Sept,2022,0.4888,0.4888,0.4888,0.4888,0.4888,-
250,9,Sept,2022,0.4793,0.4793,0.4793,0.4793,0.4793,-
251,8,Sept,2022,0.4773,0.4773,0.4773,0.4773,0.4773,-
252,7,Sept,2022,0.4789,0.4789,0.4789,0.4789,0.4789,-
253,6,Sept,2022,0.4776,0.4776,0.4776,0.4776,0.4776,-
254,5,Sept,2022,0.4833,0.4833,0.4833,0.4833,0.4833,-
255,2,Sept,2022,0.4833,0.4833,0.4833,0.4833,0.4833,-
256,1,Sept,2022,0.4845,0.4845,0.4845,0.4845,0.4845,-
257,31,Aug,2022,0.4869,0.4869,0.4869,0.4869,0.4869,-
258,30,Aug,2022,0.4843,0.4843,0.4843,0.4843,0.4843,-
259,26,Aug,2022,0.4799,0.4799,0.4799,0.4799,0.4799,-
260,25,Aug,2022,0.4807,0.4807,0.4807,0.4807,0.4807,-
261,24,Aug,2022,0.4832,0.4832,0.4832,0.4832,0.4832,-
262,23,Aug,2022,0.4824,0.4824,0.4824,0.4824,0.4824,-
263,22,Aug,2022,0.4726,0.4726,0.4726,0.4726,0.4726,-
264,19,Aug,2022,0.4831,0.4831,0.4831,0.4831,0.4831,-
265,18,Aug,2022,0.4857,0.4857,0.4857,0.4857,0.4857,-
266,17,Aug,2022,0.4834,0.4834,0.4834,0.4834,0.4834,-
267,16,Aug,2022,0.4834,0.4834,0.4834,0.4834,0.4834,-
268,15,Aug,2022,0.4877,0.4877,0.4877,0.4877,0.4877,-
269,12,Aug,2022,0.4866,0.4866,0.4866,0.4866,0.4866,-
270,11,Aug,2022,0.4893,0.4893,0.4893,0.4893,0.4893,-
271,10,Aug,2022,0.4962,0.4962,0.4962,0.4962,0.4962,-
272,9,Aug,2022,0.4863,0.4863,0.4863,0.4863,0.4863,-
273,8,Aug,2022,0.4796,0.4796,0.4796,0.4796,0.4796,-
274,5,Aug,2022,0.4779,0.4779,0.4779,0.4779,0.4779,-
275,4,Aug,2022,0.4823,0.4823,0.4823,0.4823,0.4823,-
276,3,Aug,2022,0.4692,0.4692,0.4692,0.4692,0.4692,-
277,2,Aug,2022,0.4732,0.4732,0.4732,0.4732,0.4732,-
278,1,Aug,2022,0.4773,0.4773,0.4773,0.4773,0.4773,-
279,29,Jul,2022,0.4775,0.4775,0.4775,0.4775,0.4775,-
280,28,Jul,2022,0.4797,0.4797,0.4797,0.4797,0.4797,-
281,27,Jul,2022,0.4758,0.4758,0.4758,0.4758,0.4758,-
282,26,Jul,2022,0.4802,0.4802,0.4802,0.4802,0.4802,-
283,25,Jul,2022,0.4769,0.4769,0.4769,0.4769,0.4769,-
284,22,Jul,2022,0.4809,0.4809,0.4809,0.4809,0.4809,-
285,21,Jul,2022,0.4836,0.4836,0.4836,0.4836,0.4836,-
286,20,Jul,2022,0.4852,0.4852,0.4852,0.4852,0.4852,-
287,19,Jul,2022,0.4832,0.4832,0.4832,0.4832,0.4832,-
288,18,Jul,2022,0.4833,0.4833,0.4833,0.4833,0.4833,-
289,15,Jul,2022,0.4822,0.4822,0.4822,0.4822,0.4822,-
290,14,Jul,2022,0.4811,0.4811,0.4811,0.4811,0.4811,-
291,13,Jul,2022,0.4793,0.4793,0.4793,0.4793,0.4793,-
292,12,Jul,2022,0.4811,0.4811,0.4811,0.4811,0.4811,-
293,11,Jul,2022,0.4859,0.4859,0.4859,0.4859,0.4859,-
294,8,Jul,2022,0.4904,0.4904,0.4904,0.4904,0.4904,-
295,7,Jul,2022,0.4874,0.4874,0.4874,0.4874,0.4874,-
296,6,Jul,2022,0.4796,0.4796,0.4796,0.4796,0.4796,-
297,5,Jul,2022,0.4821,0.4821,0.4821,0.4821,0.4821,-
298,4,Jul,2022,0.4866,0.4866,0.4866,0.4866,0.4866,-
299,1,Jul,2022,0.4851,0.4851,0.4851,0.4851,0.4851,-
300,30,Jun,2022,0.4864,0.4864,0.4864,0.4864,0.4864,-
301,29,Jun,2022,0.4880,0.4880,0.4880,0.4880,0.4880,-
302,28,Jun,2022,0.4894,0.4894,0.4894,0.4894,0.4894,-
303,27,Jun,2022,0.4909,0.4909,0.4909,0.4909,0.4909,-
304,24,Jun,2022,0.4886,0.4886,0.4886,0.4886,0.4886,-
305,23,Jun,2022,0.4836,0.4836,0.4836,0.4836,0.4836,-
306,22,Jun,2022,0.4894,0.4894,0.4894,0.4894,0.4894,-
307,21,Jun,2022,0.4920,0.4920,0.4920,0.4920,0.4920,-
308,20,Jun,2022,0.4892,0.4892,0.4892,0.4892,0.4892,-
309,17,Jun,2022,0.4911,0.4911,0.4911,0.4911,0.4911,-
310,16,Jun,2022,0.4895,0.4895,0.4895,0.4895,0.4895,-
311,15,Jun,2022,0.4892,0.4892,0.4892,0.4892,0.4892,-
312,14,Jun,2022,0.4892,0.4892,0.4892,0.4892,0.4892,-
313,13,Jun,2022,0.4857,0.4857,0.4857,0.4857,0.4857,-
314,10,Jun,2022,0.4949,0.4949,0.4949,0.4949,0.4949,-
315,9,Jun,2022,0.4957,0.4957,0.4957,0.4957,0.4957,-
316,8,Jun,2022,0.4963,0.4963,0.4963,0.4963,0.4963,-
317,7,Jun,2022,0.4901,0.4901,0.4901,0.4901,0.4901,-
318,6,Jun,2022,0.4901,0.4901,0.4901,0.4901,0.4901,-
319,1,Jun,2022,0.4991,0.4991,0.4991,0.4991,0.4991,-
320,31,May,2022,0.4956,0.4956,0.4956,0.4956,0.4956,-
321,30,May,2022,0.4872,0.4872,0.4872,0.4908,0.4908,"55,000"
322,27,May,2022,0.4939,0.4939,0.4939,0.4939,0.4939,-
323,26,May,2022,0.4899,0.4899,0.4899,0.4899,0.4899,-
324,25,May,2022,0.4906,0.4906,0.4906,0.4906,0.4906,-
325,24,May,2022,0.4970,0.4970,0.4970,0.4970,0.4970,-
326,23,May,2022,0.4962,0.4962,0.4962,0.4962,0.4962,-
327,20,May,2022,0.4976,0.4976,0.4976,0.4976,0.4976,-
328,19,May,2022,0.4926,0.4926,0.4926,0.4926,0.4926,-
329,18,May,2022,0.4909,0.4909,0.4909,0.4909,0.4909,-
330,17,May,2022,0.4887,0.4887,0.4887,0.4887,0.4887,-
331,16,May,2022,0.4827,0.4827,0.4827,0.4827,0.4827,-
332,13,May,2022,0.4821,0.4821,0.4821,0.4821,0.4821,-
333,12,May,2022,0.4866,0.4866,0.4866,0.4866,0.4866,-
334,11,May,2022,0.4869,0.4869,0.4869,0.4869,0.4869,-
335,10,May,2022,0.4810,0.4810,0.4810,0.4810,0.4810,-
336,9,May,2022,0.4854,0.4854,0.4854,0.4854,0.4854,-
337,6,May,2022,0.4888,0.4888,0.4888,0.4888,0.4888,-
338,5,May,2022,0.4861,0.4861,0.4861,0.4861,0.4861,-
339,4,May,2022,0.4870,0.4870,0.4870,0.4870,0.4870,-
340,3,May,2022,0.4910,0.4910,0.4910,0.4910,0.4910,-
341,29,Apr,2022,0.4958,0.4958,0.4958,0.4958,0.4958,-
342,28,Apr,2022,0.4915,0.4915,0.4915,0.4915,0.4915,-
343,27,Apr,2022,0.4990,0.4990,0.4990,0.4990,0.4990,-
344,26,Apr,2022,0.5073,0.5073,0.5073,0.5073,0.5073,-
345,25,Apr,2022,0.5074,0.5074,0.5074,0.5074,0.5074,-
346,22,Apr,2022,0.5121,0.5121,0.5121,0.5121,0.5121,-
347,21,Apr,2022,0.5135,0.5135,0.5135,0.5135,0.5135,-
348,20,Apr,2022,0.5149,0.5149,0.5149,0.5149,0.5149,-
349,19,Apr,2022,0.5130,0.5130,0.5130,0.5130,0.5130,-
350,14,Apr,2022,0.5098,0.5098,0.5098,0.5098,0.5098,-
351,13,Apr,2022,0.5053,0.5053,0.5053,0.5053,0.5053,-
352,12,Apr,2022,0.5012,0.5012,0.5012,0.5012,0.5012,-
353,11,Apr,2022,0.5064,0.5064,0.5064,0.5064,0.5064,-
354,8,Apr,2022,0.5057,0.5057,0.5057,0.5057,0.5057,-
355,7,Apr,2022,0.5069,0.5069,0.5069,0.5069,0.5069,-
356,6,Apr,2022,0.5099,0.5099,0.5099,0.5099,0.5099,-
357,5,Apr,2022,0.5153,0.5153,0.5153,0.5153,0.5153,-
358,4,Apr,2022,0.5156,0.5156,0.5156,0.5156,0.5156,-
359,1,Apr,2022,0.5120,0.5120,0.5120,0.5120,0.5120,-
360,31,Mar,2022,0.5063,0.5063,0.5063,0.5063,0.5063,-
361,30,Mar,2022,0.5032,0.5032,0.5032,0.5032,0.5032,-
362,29,Mar,2022,0.4981,0.4981,0.4981,0.4981,0.4981,-
363,28,Mar,2022,0.4951,0.4951,0.4951,0.4951,0.4951,-
364,25,Mar,2022,0.4876,0.4876,0.4876,0.4876,0.4876,-
365,24,Mar,2022,0.4854,0.4854,0.4854,0.4854,0.4854,-
366,23,Mar,2022,0.4877,0.4877,0.4877,0.4877,0.4877,-
367,22,Mar,2022,0.4850,0.4850,0.4850,0.4850,0.4850,-
368,21,Mar,2022,0.4850,0.4850,0.4850,0.4850,0.4850,-
369,18,Mar,2022,0.4875,0.4875,0.4875,0.4875,0.4875,-
370,17,Mar,2022,0.4864,0.4864,0.4864,0.4864,0.4864,-
371,16,Mar,2022,0.4800,0.4800,0.4800,0.4800,0.4800,-
372,15,Mar,2022,0.4800,0.4800,0.4800,0.4800,0.4800,-
373,14,Mar,2022,0.4751,0.4751,0.4751,0.4751,0.4751,-
374,11,Mar,2022,0.4665,0.4665,0.4665,0.4665,0.4665,-
375,10,Mar,2022,0.4678,0.4678,0.4678,0.4678,0.4678,-
376,9,Mar,2022,0.4710,0.4710,0.4710,0.4710,0.4710,-
377,8,Mar,2022,0.4476,0.4476,0.4476,0.4476,0.4476,-
378,7,Mar,2022,0.4387,0.4387,0.4387,0.4387,0.4387,-
379,4,Mar,2022,0.4622,0.4622,0.4622,0.4622,0.4622,-
380,3,Mar,2022,0.4773,0.4773,0.4773,0.4773,0.4773,-
381,2,Mar,2022,0.4726,0.4726,0.4726,0.4726,0.4726,-
382,1,Mar,2022,0.4812,0.4812,0.4812,0.4812,0.4812,-
383,28,Feb,2022,0.4802,0.4802,0.4802,0.4802,0.4802,-
384,25,Feb,2022,0.4773,0.4773,0.4773,0.4773,0.4773,-
385,24,Feb,2022,0.4773,0.4773,0.4773,0.4773,0.4773,-
386,23,Feb,2022,0.5011,0.5011,0.5011,0.5011,0.5011,-
387,22,Feb,2022,0.5011,0.5011,0.5011,0.5011,0.5011,-
388,21,Feb,2022,0.5011,0.5011,0.5011,0.5011,0.5011,-
389,18,Feb,2022,0.5040,0.5040,0.5040,0.5040,0.5040,-
390,17,Feb,2022,0.5027,0.5027,0.5027,0.5027,0.5027,-
391,16,Feb,2022,0.5033,0.5033,0.5033,0.5033,0.5033,-
392,15,Feb,2022,0.5010,0.5010,0.5010,0.5010,0.5010,-
393,14,Feb,2022,0.4988,0.4988,0.4988,0.4988,0.4988,-
394,11,Feb,2022,0.5040,0.5040,0.5040,0.5040,0.5040,-
395,10,Feb,2022,0.5080,0.5080,0.5080,0.5080,0.5080,-
396,9,Feb,2022,0.5110,0.5110,0.5110,0.5110,0.5110,-
397,8,Feb,2022,0.5121,0.5121,0.5121,0.5121,0.5121,-
398,7,Feb,2022,0.5116,0.5116,0.5116,0.5116,0.5116,-
399,4,Feb,2022,0.5085,0.5085,0.5085,0.5085,0.5085,-
400,3,Feb,2022,0.5146,0.5146,0.5146,0.5070,0.5070,"14,321"
401,2,Feb,2022,0.5072,0.5072,0.5072,0.5072,0.5072,-
402,1,Feb,2022,0.5044,0.5044,0.5044,0.5044,0.5044,-
403,31,Jan,2022,0.5001,0.5001,0.5001,0.5001,0.5001,-
404,28,Jan,2022,0.4963,0.4963,0.4963,0.4963,0.4963,-
405,27,Jan,2022,0.4918,0.4918,0.4918,0.4918,0.4918,-
406,26,Jan,2022,0.4924,0.4924,0.4924,0.4924,0.4924,-
407,25,Jan,2022,0.4937,0.4937,0.4937,0.4937,0.4937,-
408,24,Jan,2022,0.4992,0.4992,0.4992,0.4992,0.4992,-
409,21,Jan,2022,0.5124,0.5124,0.5124,0.5124,0.5124,-
410,20,Jan,2022,0.5165,0.5165,0.5165,0.5165,0.5165,-
411,19,Jan,2022,0.5128,0.5128,0.5128,0.5128,0.5128,-
412,18,Jan,2022,0.5249,0.5249,0.5249,0.5249,0.5249,-
413,17,Jan,2022,0.5249,0.5249,0.5249,0.5249,0.5249,-
414,14,Jan,2022,0.5238,0.5238,0.5238,0.5238,0.5238,-
415,13,Jan,2022,0.5332,0.5332,0.5332,0.5332,0.5332,-
416,12,Jan,2022,0.5294,0.5294,0.5294,0.5294,0.5294,-
417,11,Jan,2022,0.5294,0.5294,0.5294,0.5294,0.5294,-
418,10,Jan,2022,0.5251,0.5251,0.5251,0.5251,0.5251,-
419,7,Jan,2022,0.5272,0.5272,0.5272,0.5272,0.5272,-
420,6,Jan,2022,0.5242,0.5242,0.5242,0.5242,0.5242,-
421,5,Jan,2022,0.5202,0.5202,0.5202,0.5202,0.5202,-
422,4,Jan,2022,0.5237,0.5237,0.5237,0.5149,0.5149,"18,400"
423,31,Dec,2021,0.5177,0.5177,0.5177,0.5177,0.5177,-
424,30,Dec,2021,0.5177,0.5177,0.5177,0.5177,0.5177,-
425,29,Dec,2021,0.5226,0.5226,0.5226,0.5226,0.5226,-
426,24,Dec,2021,0.5178,0.5178,0.5178,0.5178,0.5178,-
427,23,Dec,2021,0.5178,0.5178,0.5178,0.5178,0.5178,-
428,22,Dec,2021,0.5174,0.5174,0.5174,0.5174,0.5174,-
429,21,Dec,2021,0.5148,0.5148,0.5148,0.5148,0.5148,-
430,20,Dec,2021,0.5089,0.5089,0.5089,0.5089,0.5089,-
431,17,Dec,2021,0.4954,0.4954,0.4954,0.4954,0.4954,-
432,16,Dec,2021,0.4954,0.4954,0.4954,0.4954,0.4954,-
433,15,Dec,2021,0.4954,0.4954,0.4954,0.4954,0.4954,-
434,14,Dec,2021,0.4868,0.4868,0.4868,0.4979,0.4979,"9,856"
435,13,Dec,2021,0.5046,0.5046,0.5046,0.5046,0.5046,-
436,10,Dec,2021,0.5005,0.5005,0.5005,0.5005,0.5005,-
437,9,Dec,2021,0.5098,0.5098,0.5098,0.5098,0.5098,-
438,8,Dec,2021,0.5128,0.5128,0.5128,0.5128,0.5128,-
439,7,Dec,2021,0.5163,0.5163,0.5163,0.5163,0.5163,-
440,6,Dec,2021,0.5182,0.5182,0.5182,0.5106,0.5106,708
441,3,Dec,2021,0.5178,0.5178,0.5178,0.5102,0.5102,"5,073"
442,2,Dec,2021,0.5052,0.5052,0.5052,0.5052,0.5052,-
443,1,Dec,2021,0.5136,0.5136,0.5136,0.5067,0.5067,"5,073"
444,30,Nov,2021,0.5189,0.5194,0.5184,0.5098,0.5098,"125,000"
445,29,Nov,2021,0.5189,0.5190,0.5189,0.5106,0.5106,"175,291"
446,26,Nov,2021,0.5146,0.5146,0.5146,0.5146,0.5146,-
447,25,Nov,2021,0.5146,0.5146,0.5146,0.5146,0.5146,-
448,24,Nov,2021,0.5154,0.5154,0.5154,0.5154,0.5154,-
449,23,Nov,2021,0.5181,0.5181,0.5181,0.5181,0.5181,-
450,22,Nov,2021,0.5098,0.5098,0.5098,0.5098,0.5098,-
451,19,Nov,2021,0.5024,0.5024,0.5024,0.5024,0.5024,-
452,18,Nov,2021,0.4936,0.4936,0.4936,0.5010,0.5010,"5,073"
453,17,Nov,2021,0.5031,0.5031,0.5031,0.5031,0.5031,-
454,16,Nov,2021,0.5005,0.5005,0.5005,0.5005,0.5005,-
455,15,Nov,2021,0.5005,0.5005,0.5005,0.5005,0.5005,-
456,12,Nov,2021,0.4994,0.4994,0.4994,0.4994,0.4994,-
457,11,Nov,2021,0.5001,0.5001,0.5001,0.5001,0.5001,-
458,10,Nov,2021,0.4954,0.4954,0.4954,0.4954,0.4954,-
459,9,Nov,2021,0.4955,0.4955,0.4955,0.4955,0.4955,-
460,8,Nov,2021,0.4920,0.4920,0.4889,0.4967,0.4967,"296,216"
461,5,Nov,2021,0.4988,0.4988,0.4988,0.4988,0.4988,-
462,4,Nov,2021,0.4963,0.4963,0.4963,0.4963,0.4963,-
463,3,Nov,2021,0.4895,0.4895,0.4895,0.4895,0.4895,-
464,2,Nov,2021,0.4821,0.4821,0.4821,0.4821,0.4821,-
465,1,Nov,2021,0.4816,0.4816,0.4816,0.4816,0.4816,-
466,29,Oct,2021,0.4771,0.4771,0.4771,0.4771,0.4771,-
467,28,Oct,2021,0.4755,0.4755,0.4755,0.4755,0.4755,-
468,27,Oct,2021,0.4731,0.4731,0.4731,0.4731,0.4731,-
469,26,Oct,2021,0.4739,0.4739,0.4739,0.4739,0.4739,-
470,25,Oct,2021,0.4760,0.4760,0.4760,0.4760,0.4760,-
471,22,Oct,2021,0.4785,0.4785,0.4785,0.4785,0.4785,-
472,21,Oct,2021,0.4753,0.4753,0.4753,0.4753,0.4753,-
473,20,Oct,2021,0.4798,0.4798,0.4798,0.4798,0.4798,-
474,19,Oct,2021,0.4805,0.4805,0.4805,0.4805,0.4805,-
475,18,Oct,2021,0.4785,0.4785,0.4785,0.4785,0.4785,-
476,15,Oct,2021,0.4762,0.4762,0.4762,0.4762,0.4762,-
477,14,Oct,2021,0.4751,0.4751,0.4751,0.4751,0.4751,-
478,13,Oct,2021,0.4715,0.4715,0.4715,0.4715,0.4715,-
479,12,Oct,2021,0.4817,0.4817,0.4817,0.4739,0.4739,"2,767"
480,11,Oct,2021,0.4749,0.4749,0.4749,0.4749,0.4749,-
481,8,Oct,2021,0.4703,0.4703,0.4703,0.4703,0.4703,-
482,7,Oct,2021,0.4728,0.4728,0.4728,0.4728,0.4728,-
483,6,Oct,2021,0.4746,0.4746,0.4746,0.4746,0.4746,-
484,5,Oct,2021,0.4764,0.4764,0.4764,0.4764,0.4764,-
485,4,Oct,2021,0.4778,0.4778,0.4778,0.4778,0.4778,-
486,1,Oct,2021,0.4849,0.4849,0.4849,0.4849,0.4849,-
487,30,Sept,2021,0.4839,0.4839,0.4839,0.4839,0.4839,-
488,29,Sept,2021,0.4840,0.4840,0.4683,0.4778,0.4778,"3,540"
489,28,Sept,2021,0.4778,0.4778,0.4778,0.4778,0.4778,-
490,27,Sept,2021,0.4728,0.4728,0.4728,0.4728,0.4728,-
491,24,Sept,2021,0.4700,0.4700,0.4700,0.4700,0.4700,-
492,23,Sept,2021,0.4665,0.4665,0.4665,0.4665,0.4665,-
493,22,Sept,2021,0.4681,0.4681,0.4681,0.4681,0.4681,-
494,21,Sept,2021,0.4663,0.4663,0.4663,0.4663,0.4663,-
495,20,Sept,2021,0.4636,0.4636,0.4636,0.4636,0.4636,-
496,17,Sept,2021,0.4683,0.4683,0.4683,0.4683,0.4683,-
497,16,Sept,2021,0.4683,0.4683,0.4683,0.4683,0.4683,-
498,15,Sept,2021,0.4724,0.4724,0.4724,0.4724,0.4724,-
499,14,Sept,2021,0.4717,0.4717,0.4717,0.4717,0.4717,-
500,13,Sept,2021,0.4701,0.4701,0.4701,0.4701,0.4701,-
501,10,Sept,2021,0.4714,0.4714,0.4714,0.4714,0.4714,-
502,9,Sept,2021,0.4714,0.4714,0.4714,0.4714,0.4714,-
503,8,Sept,2021,0.4717,0.4717,0.4717,0.4717,0.4717,-
504,7,Sept,2021,0.4690,0.4690,0.4690,0.4690,0.4690,-
505,6,Sept,2021,0.4673,0.4673,0.4673,0.4673,0.4673,-
506,3,Sept,2021,0.4674,0.4674,0.4674,0.4674,0.4674,-
507,2,Sept,2021,0.4705,0.4705,0.4705,0.4705,0.4705,-
508,1,Sept,2021,0.4721,0.4721,0.4721,0.4721,0.4721,-
509,31,Aug,2021,0.4758,0.4758,0.4758,0.4758,0.4758,-
510,27,Aug,2021,0.4759,0.4759,0.4759,0.4759,0.4759,-
511,26,Aug,2021,0.4685,0.4685,0.4685,0.4761,0.4761,"70,000"
512,25,Aug,2021,0.4798,0.4798,0.4798,0.4798,0.4798,-
513,24,Aug,2021,0.4782,0.4782,0.4782,0.4782,0.4782,-
514,23,Aug,2021,0.4660,0.4660,0.4659,0.4752,0.4752,"89,360"
515,20,Aug,2021,0.4791,0.4791,0.4791,0.4791,0.4791,-
516,19,Aug,2021,0.4870,0.4870,0.4713,0.4811,0.4811,"76,296"
517,18,Aug,2021,0.4793,0.4793,0.4793,0.4825,0.4825,"50,827"
518,17,Aug,2021,0.4829,0.4837,0.4721,0.4809,0.4809,"41,411"
519,16,Aug,2021,0.4849,0.4849,0.4849,0.4893,0.4893,"6,000"
520,13,Aug,2021,0.4897,0.4995,0.4829,0.4897,0.4897,"4,992"
521,12,Aug,2021,0.4807,0.4807,0.4807,0.4890,0.4890,"1,000"
522,11,Aug,2021,0.4833,0.4834,0.4833,0.4834,0.4834,"80,000"
523,10,Aug,2021,0.4873,0.4873,0.4873,0.4873,0.4873,-
524,9,Aug,2021,0.4877,0.4877,0.4877,0.4877,0.4877,-
525,6,Aug,2021,0.4856,0.4856,0.4856,0.4856,0.4856,-
526,5,Aug,2021,0.4888,0.4888,0.4888,0.4888,0.4888,-
527,4,Aug,2021,0.4827,0.4827,0.4827,0.4827,0.4827,-
528,3,Aug,2021,0.4816,0.4816,0.4816,0.4816,0.4816,-
529,2,Aug,2021,0.4805,0.4805,0.4805,0.4805,0.4805,-
530,30,Jul,2021,0.4802,0.4802,0.4802,0.4802,0.4802,-
531,29,Jul,2021,0.4813,0.4813,0.4813,0.4813,0.4813,-
532,28,Jul,2021,0.4789,0.4789,0.4789,0.4789,0.4789,-
533,27,Jul,2021,0.4762,0.4762,0.4762,0.4762,0.4762,-
534,26,Jul,2021,0.4753,0.4753,0.4753,0.4753,0.4753,-
535,23,Jul,2021,0.4710,0.4710,0.4710,0.4710,0.4710,-
536,22,Jul,2021,0.4742,0.4742,0.4742,0.4742,0.4742,-
537,21,Jul,2021,0.4746,0.4746,0.4746,0.4746,0.4746,-
538,20,Jul,2021,0.4742,0.4742,0.4742,0.4742,0.4742,-
539,19,Jul,2021,0.4773,0.4773,0.4773,0.4773,0.4773,-
540,16,Jul,2021,0.4751,0.4751,0.4751,0.4751,0.4751,-
541,15,Jul,2021,0.4748,0.4748,0.4748,0.4748,0.4748,-
542,14,Jul,2021,0.4762,0.4762,0.4762,0.4762,0.4762,-
543,13,Jul,2021,0.4744,0.4744,0.4744,0.4744,0.4744,-
544,12,Jul,2021,0.4729,0.4729,0.4729,0.4729,0.4729,-
545,9,Jul,2021,0.4725,0.4725,0.4725,0.4725,0.4725,-
546,8,Jul,2021,0.4683,0.4683,0.4683,0.4683,0.4683,-
547,7,Jul,2021,0.4600,0.4630,0.4600,0.4661,0.4661,"201,809"
548,6,Jul,2021,0.4740,0.4740,0.4740,0.4670,0.4670,"6,673"
549,5,Jul,2021,0.4663,0.4663,0.4663,0.4663,0.4663,-
550,2,Jul,2021,0.4688,0.4688,0.4688,0.4688,0.4688,-
551,1,Jul,2021,0.4683,0.4683,0.4683,0.4683,0.4683,-
552,30,Jun,2021,0.4683,0.4683,0.4683,0.4683,0.4683,-
553,29,Jun,2021,0.4686,0.4686,0.4686,0.4686,0.4686,-
554,28,Jun,2021,0.4762,0.4797,0.4762,0.4690,0.4690,"292,043"
555,25,Jun,2021,0.4683,0.4683,0.4683,0.4683,0.4683,-
556,24,Jun,2021,0.4658,0.4658,0.4658,0.4658,0.4658,-
557,23,Jun,2021,0.4665,0.4665,0.4665,0.4665,0.4665,-
558,22,Jun,2021,0.4692,0.4692,0.4692,0.4692,0.4692,-
559,21,Jun,2021,0.4590,0.4613,0.4590,0.4698,0.4698,"90,234"
560,18,Jun,2021,0.4655,0.4655,0.4655,0.4655,0.4655,-
561,17,Jun,2021,0.4641,0.4641,0.4641,0.4641,0.4641,-
562,16,Jun,2021,0.4639,0.4639,0.4639,0.4639,0.4639,-
563,15,Jun,2021,0.4633,0.4633,0.4633,0.4633,0.4633,-
564,14,Jun,2021,0.4575,0.4575,0.4575,0.4575,0.4575,-
565,11,Jun,2021,0.4603,0.4603,0.4603,0.4603,0.4603,-
566,10,Jun,2021,0.4568,0.4568,0.4568,0.4568,0.4568,-
567,9,Jun,2021,0.4530,0.4530,0.4530,0.4530,0.4530,-
568,8,Jun,2021,0.4536,0.4536,0.4536,0.4536,0.4536,-
569,7,Jun,2021,0.4553,0.4553,0.4553,0.4553,0.4553,-
570,4,Jun,2021,0.4575,0.4575,0.4575,0.4575,0.4575,-
571,3,Jun,2021,0.4541,0.4541,0.4541,0.4541,0.4541,-
572,2,Jun,2021,0.4512,0.4512,0.4512,0.4512,0.4512,-
573,1,Jun,2021,0.4467,0.4467,0.4467,0.4467,0.4467,-
574,28,May,2021,0.4480,0.4480,0.4480,0.4480,0.4480,-
575,27,May,2021,0.4512,0.4512,0.4512,0.4512,0.4512,-
576,26,May,2021,0.4525,0.4525,0.4525,0.4525,0.4525,-
577,25,May,2021,0.4505,0.4505,0.4505,0.4505,0.4505,-
578,24,May,2021,0.4484,0.4484,0.4484,0.4484,0.4484,-
579,21,May,2021,0.4504,0.4504,0.4504,0.4504,0.4504,-
580,20,May,2021,0.4435,0.4435,0.4435,0.4435,0.4435,-
581,19,May,2021,0.4441,0.4441,0.4441,0.4441,0.4441,-
582,18,May,2021,0.4412,0.4412,0.4412,0.4412,0.4412,-
583,17,May,2021,0.4430,0.4430,0.4430,0.4430,0.4430,-
584,14,May,2021,0.4453,0.4453,0.4453,0.4453,0.4453,-
585,13,May,2021,0.4403,0.4403,0.4403,0.4403,0.4403,-
586,12,May,2021,0.4367,0.4367,0.4367,0.4367,0.4367,-
587,11,May,2021,0.4369,0.4369,0.4369,0.4369,0.4369,-
588,10,May,2021,0.4422,0.4422,0.4422,0.4422,0.4422,-
589,7,May,2021,0.4409,0.4409,0.4409,0.4409,0.4409,-
590,6,May,2021,0.4442,0.4442,0.4442,0.4442,0.4442,-
591,5,May,2021,0.4437,0.4437,0.4437,0.4437,0.4437,-
592,4,May,2021,0.4406,0.4406,0.4406,0.4406,0.4406,-
593,30,Apr,2021,0.4428,0.4428,0.4428,0.4428,0.4428,-
594,29,Apr,2021,0.4450,0.4450,0.4450,0.4450,0.4450,-
595,28,Apr,2021,0.4440,0.4440,0.4440,0.4440,0.4440,-
596,27,Apr,2021,0.4436,0.4436,0.4436,0.4436,0.4436,-
597,26,Apr,2021,0.4417,0.4417,0.4417,0.4417,0.4417,-
598,23,Apr,2021,0.4405,0.4405,0.4405,0.4405,0.4405,-
599,22,Apr,2021,0.4423,0.4423,0.4423,0.4423,0.4423,-
600,21,Apr,2021,0.4438,0.4438,0.4438,0.4438,0.4438,-
601,20,Apr,2021,0.4423,0.4423,0.4423,0.4423,0.4423,-
602,19,Apr,2021,0.4430,0.4430,0.4430,0.4430,0.4430,-
603,16,Apr,2021,0.4384,0.4384,0.4384,0.4384,0.4384,-
604,15,Apr,2021,0.4385,0.4385,0.4385,0.4385,0.4385,-
605,14,Apr,2021,0.4399,0.4402,0.4396,0.4358,0.4358,"1,000,000"
606,13,Apr,2021,0.4351,0.4351,0.4351,0.4351,0.4351,-
607,12,Apr,2021,0.4315,0.4315,0.4315,0.4315,0.4315,-
608,9,Apr,2021,0.4307,0.4307,0.4307,0.4307,0.4307,-
609,8,Apr,2021,0.4337,0.4337,0.4337,0.4337,0.4337,-
610,7,Apr,2021,0.4306,0.4306,0.4306,0.4306,0.4306,-
611,6,Apr,2021,0.4291,0.4291,0.4291,0.4291,0.4291,-
612,1,Apr,2021,0.4276,0.4276,0.4276,0.4276,0.4276,-
613,31,Mar,2021,0.4272,0.4272,0.4272,0.4272,0.4272,-
614,30,Mar,2021,0.4254,0.4254,0.4254,0.4254,0.4254,-
615,29,Mar,2021,0.4284,0.4284,0.4284,0.4284,0.4284,-
616,26,Mar,2021,0.4279,0.4279,0.4279,0.4279,0.4279,-
617,25,Mar,2021,0.4224,0.4224,0.4224,0.4224,0.4224,-
618,24,Mar,2021,0.4218,0.4218,0.4218,0.4218,0.4218,-
619,23,Mar,2021,0.4195,0.4195,0.4195,0.4195,0.4195,-
620,22,Mar,2021,0.4198,0.4198,0.4198,0.4198,0.4198,-
621,19,Mar,2021,0.4195,0.4195,0.4195,0.4195,0.4195,-
622,18,Mar,2021,0.4206,0.4206,0.4206,0.4206,0.4206,-
623,17,Mar,2021,0.4209,0.4209,0.4209,0.4209,0.4209,-
624,16,Mar,2021,0.4217,0.4217,0.4217,0.4217,0.4217,-
625,15,Mar,2021,0.4171,0.4171,0.4171,0.4171,0.4171,-
626,12,Mar,2021,0.4215,0.4215,0.4215,0.4215,0.4215,-
627,11,Mar,2021,0.4247,0.4247,0.4247,0.4247,0.4247,-
628,10,Mar,2021,0.4189,0.4189,0.4189,0.4189,0.4189,-
629,9,Mar,2021,0.4191,0.4191,0.4191,0.4191,0.4191,-
630,8,Mar,2021,0.4217,0.4217,0.4217,0.4217,0.4217,-
631,5,Mar,2021,0.4225,0.4225,0.4225,0.4225,0.4225,-
632,4,Mar,2021,0.4245,0.4245,0.4245,0.4245,0.4245,-
633,3,Mar,2021,0.4294,0.4294,0.4294,0.4294,0.4294,-
634,2,Mar,2021,0.4268,0.4268,0.4268,0.4268,0.4268,-
635,1,Mar,2021,0.4304,0.4304,0.4304,0.4304,0.4304,-
636,26,Feb,2021,0.4272,0.4272,0.4272,0.4272,0.4272,-
637,25,Feb,2021,0.4293,0.4293,0.4293,0.4293,0.4293,-
638,24,Feb,2021,0.4247,0.4247,0.4247,0.4247,0.4247,-
639,23,Feb,2021,0.4280,0.4280,0.4280,0.4280,0.4280,-
640,22,Feb,2021,0.4286,0.4286,0.4286,0.4286,0.4286,-
641,19,Feb,2021,0.4300,0.4300,0.4300,0.4300,0.4300,-
642,18,Feb,2021,0.4280,0.4280,0.4280,0.4280,0.4280,-
643,17,Feb,2021,0.4277,0.4277,0.4277,0.4277,0.4277,-
644,16,Feb,2021,0.4278,0.4278,0.4278,0.4278,0.4278,-
645,15,Feb,2021,0.4244,0.4244,0.4244,0.4244,0.4244,-
646,12,Feb,2021,0.4262,0.4262,0.4262,0.4262,0.4262,-
647,11,Feb,2021,0.4223,0.4223,0.4223,0.4223,0.4223,-
648,10,Feb,2021,0.4252,0.4252,0.4252,0.4252,0.4252,-
649,9,Feb,2021,0.4288,0.4288,0.4288,0.4288,0.4288,-
650,8,Feb,2021,0.4257,0.4257,0.4257,0.4257,0.4257,-
651,5,Feb,2021,0.4274,0.4274,0.4274,0.4274,0.4274,-
652,4,Feb,2021,0.4280,0.4280,0.4280,0.4280,0.4280,-
653,3,Feb,2021,0.4318,0.4318,0.4318,0.4318,0.4318,-
654,2,Feb,2021,0.4301,0.4301,0.4301,0.4301,0.4301,-
655,1,Feb,2021,0.4282,0.4282,0.4282,0.4282,0.4282,-
656,29,Jan,2021,0.4292,0.4292,0.4292,0.4292,0.4292,-
657,28,Jan,2021,0.4311,0.4311,0.4311,0.4311,0.4311,-
658,27,Jan,2021,0.4362,0.4362,0.4362,0.4362,0.4362,-
659,26,Jan,2021,0.4341,0.4341,0.4341,0.4341,0.4341,-
660,25,Jan,2021,0.4327,0.4327,0.4327,0.4327,0.4327,-
661,22,Jan,2021,0.4311,0.4311,0.4311,0.4311,0.4311,-
662,21,Jan,2021,0.4282,0.4282,0.4282,0.4282,0.4282,-
663,20,Jan,2021,0.4206,0.4206,0.4206,0.4206,0.4206,-
664,19,Jan,2021,0.4110,0.4110,0.4110,0.4110,0.4110,-
665,18,Jan,2021,0.4042,0.4042,0.4042,0.4042,0.4042,-
666,15,Jan,2021,0.4004,0.4004,0.4004,0.4004,0.4004,-
667,14,Jan,2021,0.3968,0.3968,0.3968,0.3968,0.3968,-
668,13,Jan,2021,0.3909,0.3909,0.3909,0.3909,0.3909,-
669,12,Jan,2021,0.3904,0.3904,0.3904,0.3904,0.3904,-
670,11,Jan,2021,0.3914,0.3914,0.3914,0.3914,0.3914,-
671,8,Jan,2021,0.3882,0.3882,0.3882,0.3882,0.3882,-
672,7,Jan,2021,0.3895,0.3895,0.3895,0.3895,0.3895,-
673,6,Jan,2021,0.3878,0.3878,0.3878,0.3878,0.3878,-
674,5,Jan,2021,0.3867,0.3867,0.3867,0.3867,0.3867,-
675,4,Jan,2021,0.3851,0.3851,0.3851,0.3851,0.3851,-
676,31,Dec,2020,0.3879,0.3879,0.3879,0.3879,0.3879,-
677,30,Dec,2020,0.3879,0.3879,0.3879,0.3879,0.3879,-
678,29,Dec,2020,0.3879,0.3879,0.3879,0.3879,0.3879,-
679,24,Dec,2020,0.3844,0.3844,0.3844,0.3844,0.3844,-
680,23,Dec,2020,0.3835,0.3835,0.3835,0.3835,0.3835,-
681,22,Dec,2020,0.3809,0.3809,0.3809,0.3809,0.3809,-
682,21,Dec,2020,0.3798,0.3798,0.3798,0.3798,0.3798,-
683,18,Dec,2020,0.3783,0.3783,0.3783,0.3783,0.3783,-
684,17,Dec,2020,0.3791,0.3791,0.3791,0.3791,0.3791,-
685,16,Dec,2020,0.3796,0.3796,0.3796,0.3796,0.3796,-
686,15,Dec,2020,0.3776,0.3776,0.3776,0.3776,0.3776,-
687,14,Dec,2020,0.3798,0.3798,0.3798,0.3798,0.3798,-
688,11,Dec,2020,0.3755,0.3755,0.3755,0.3755,0.3755,-
689,10,Dec,2020,0.3781,0.3781,0.3781,0.3781,0.3781,-
690,9,Dec,2020,0.3767,0.3767,0.3767,0.3767,0.3767,-
691,8,Dec,2020,0.3762,0.3762,0.3762,0.3762,0.3762,-
692,7,Dec,2020,0.3751,0.3751,0.3751,0.3751,0.3751,-
693,4,Dec,2020,0.3713,0.3713,0.3713,0.3713,0.3713,-
694,3,Dec,2020,0.3697,0.3697,0.3697,0.3697,0.3697,-
695,2,Dec,2020,0.3706,0.3706,0.3706,0.3706,0.3706,-
696,1,Dec,2020,0.3740,0.3740,0.3740,0.3740,0.3740,-
697,30,Nov,2020,0.3690,0.3690,0.3690,0.3690,0.3690,-
698,27,Nov,2020,0.3690,0.3690,0.3690,0.3690,0.3690,-
699,26,Nov,2020,0.3693,0.3693,0.3693,0.3693,0.3693,-
700,25,Nov,2020,0.3656,0.3656,0.3656,0.3656,0.3656,-
701,24,Nov,2020,0.3690,0.3690,0.3690,0.3690,0.3690,-
702,23,Nov,2020,0.3696,0.3696,0.3696,0.3696,0.3696,-
703,20,Nov,2020,0.3688,0.3688,0.3688,0.3688,0.3688,-
704,19,Nov,2020,0.3688,0.3688,0.3688,0.3688,0.3688,-
705,18,Nov,2020,0.3672,0.3672,0.3672,0.3672,0.3672,-
706,17,Nov,2020,0.3668,0.3668,0.3668,0.3668,0.3668,-
707,16,Nov,2020,0.3683,0.3683,0.3683,0.3683,0.3683,-
708,13,Nov,2020,0.3696,0.3696,0.3696,0.3696,0.3696,-
709,12,Nov,2020,0.3706,0.3706,0.3706,0.3706,0.3706,-
710,11,Nov,2020,0.3726,0.3726,0.3726,0.3726,0.3726,-
711,10,Nov,2020,0.3686,0.3686,0.3686,0.3686,0.3686,-
712,9,Nov,2020,0.3711,0.3711,0.3711,0.3711,0.3711,-
713,6,Nov,2020,0.3681,0.3681,0.3681,0.3681,0.3681,-
714,5,Nov,2020,0.3719,0.3719,0.3719,0.3719,0.3719,-
715,4,Nov,2020,0.3720,0.3720,0.3720,0.3720,0.3720,-
716,3,Nov,2020,0.3720,0.3720,0.3720,0.3720,0.3720,-
717,2,Nov,2020,0.3746,0.3746,0.3746,0.3746,0.3746,-
718,30,Oct,2020,0.3711,0.3711,0.3711,0.3711,0.3711,-
719,29,Oct,2020,0.3663,0.3663,0.3663,0.3663,0.3663,-
720,28,Oct,2020,0.3673,0.3673,0.3673,0.3673,0.3673,-
721,27,Oct,2020,0.3716,0.3716,0.3716,0.3716,0.3716,-
722,26,Oct,2020,0.3710,0.3710,0.3710,0.3710,0.3710,-
723,23,Oct,2020,0.3714,0.3714,0.3714,0.3714,0.3714,-
724,22,Oct,2020,0.3714,0.3714,0.3714,0.3714,0.3714,-
725,21,Oct,2020,0.3729,0.3729,0.3729,0.3729,0.3729,-
726,20,Oct,2020,0.3715,0.3715,0.3715,0.3715,0.3715,-
727,19,Oct,2020,0.3718,0.3718,0.3718,0.3718,0.3718,-
728,16,Oct,2020,0.3714,0.3714,0.3714,0.3714,0.3714,-
729,15,Oct,2020,0.3688,0.3688,0.3688,0.3688,0.3688,-
730,14,Oct,2020,0.3688,0.3688,0.3688,0.3688,0.3688,-
731,13,Oct,2020,0.3721,0.3721,0.3721,0.3721,0.3721,-
732,12,Oct,2020,0.3700,0.3700,0.3700,0.3700,0.3700,-
733,9,Oct,2020,0.3660,0.3660,0.3660,0.3660,0.3660,-
734,8,Oct,2020,0.3679,0.3679,0.3679,0.3679,0.3679,-
735,7,Oct,2020,0.3668,0.3668,0.3668,0.3668,0.3668,-
736,6,Oct,2020,0.3668,0.3668,0.3668,0.3668,0.3668,-
737,5,Oct,2020,0.3654,0.3654,0.3654,0.3654,0.3654,-
738,2,Oct,2020,0.3680,0.3680,0.3680,0.3680,0.3680,-
739,1,Oct,2020,0.3712,0.3712,0.3712,0.3712,0.3712,-
740,30,Sept,2020,0.3712,0.3712,0.3712,0.3712,0.3712,-
741,29,Sept,2020,0.3712,0.3712,0.3712,0.3712,0.3712,-
742,28,Sept,2020,0.3710,0.3710,0.3710,0.3710,0.3710,-
743,25,Sept,2020,0.3700,0.3700,0.3700,0.3700,0.3700,-
744,24,Sept,2020,0.3700,0.3700,0.3700,0.3700,0.3700,-
745,23,Sept,2020,0.3697,0.3697,0.3697,0.3697,0.3697,-
746,22,Sept,2020,0.3686,0.3686,0.3686,0.3686,0.3686,-
747,21,Sept,2020,0.3686,0.3686,0.3686,0.3686,0.3686,-
748,18,Sept,2020,0.3746,0.3746,0.3746,0.3746,0.3746,-
749,17,Sept,2020,0.3746,0.3746,0.3746,0.3746,0.3746,-
750,16,Sept,2020,0.3756,0.3756,0.3756,0.3756,0.3756,-
751,15,Sept,2020,0.3721,0.3721,0.3721,0.3721,0.3721,-
752,14,Sept,2020,0.3719,0.3719,0.3719,0.3719,0.3719,-
753,11,Sept,2020,0.3763,0.3763,0.3763,0.3763,0.3763,-
754,10,Sept,2020,0.3753,0.3753,0.3753,0.3753,0.3753,-
755,9,Sept,2020,0.3769,0.3769,0.3769,0.3769,0.3769,-
756,8,Sept,2020,0.3769,0.3769,0.3769,0.3769,0.3769,-
757,7,Sept,2020,0.3762,0.3762,0.3762,0.3762,0.3762,-
758,4,Sept,2020,0.3790,0.3790,0.3790,0.3790,0.3790,-
759,3,Sept,2020,0.3769,0.3769,0.3769,0.3769,0.3769,-
760,2,Sept,2020,0.3747,0.3747,0.3747,0.3747,0.3747,-
761,1,Sept,2020,0.3769,0.3769,0.3769,0.3769,0.3769,-
762,28,Aug,2020,0.3762,0.3762,0.3762,0.3762,0.3762,-
763,27,Aug,2020,0.3762,0.3762,0.3762,0.3762,0.3762,-
764,26,Aug,2020,0.3797,0.3797,0.3797,0.3797,0.3797,-
765,25,Aug,2020,0.3787,0.3787,0.3787,0.3787,0.3787,-
766,24,Aug,2020,0.3769,0.3769,0.3769,0.3769,0.3769,-
767,21,Aug,2020,0.3776,0.3776,0.3776,0.3776,0.3776,-
768,20,Aug,2020,0.3781,0.3781,0.3781,0.3781,0.3781,-
769,19,Aug,2020,0.3758,0.3758,0.3758,0.3758,0.3758,-
770,18,Aug,2020,0.3749,0.3749,0.3749,0.3749,0.3749,-
771,17,Aug,2020,0.3746,0.3746,0.3746,0.3746,0.3746,-
772,14,Aug,2020,0.3744,0.3744,0.3744,0.3744,0.3744,-
773,13,Aug,2020,0.3785,0.3785,0.3785,0.3785,0.3785,-
774,12,Aug,2020,0.3785,0.3785,0.3785,0.3785,0.3785,-
775,11,Aug,2020,0.3802,0.3802,0.3802,0.3802,0.3802,-
776,10,Aug,2020,0.3753,0.3753,0.3753,0.3753,0.3753,-
777,7,Aug,2020,0.3740,0.3740,0.3740,0.3740,0.3740,-
778,6,Aug,2020,0.3749,0.3749,0.3749,0.3749,0.3749,-
779,5,Aug,2020,0.3749,0.3749,0.3749,0.3749,0.3749,-
780,4,Aug,2020,0.3770,0.3770,0.3770,0.3770,0.3770,-
781,3,Aug,2020,0.3798,0.3798,0.3798,0.3798,0.3798,-
782,31,Jul,2020,0.3805,0.3805,0.3805,0.3805,0.3805,-
783,30,Jul,2020,0.3830,0.3830,0.3830,0.3830,0.3830,-
784,29,Jul,2020,0.3809,0.3809,0.3809,0.3809,0.3809,-
785,28,Jul,2020,0.3826,0.3826,0.3826,0.3826,0.3826,-
786,27,Jul,2020,0.3834,0.3834,0.3834,0.3834,0.3834,-
787,24,Jul,2020,0.3834,0.3834,0.3834,0.3834,0.3834,-
788,23,Jul,2020,0.3839,0.3839,0.3839,0.3839,0.3839,-
789,22,Jul,2020,0.3832,0.3832,0.3832,0.3832,0.3832,-
790,21,Jul,2020,0.3848,0.3848,0.3848,0.3848,0.3848,-
791,20,Jul,2020,0.3850,0.3850,0.3850,0.3850,0.3850,-
792,17,Jul,2020,0.3864,0.3864,0.3864,0.3864,0.3864,-
793,16,Jul,2020,0.3876,0.3876,0.3876,0.3876,0.3876,-
794,15,Jul,2020,0.3859,0.3859,0.3859,0.3859,0.3859,-
795,14,Jul,2020,0.3862,0.3862,0.3862,0.3862,0.3862,-
796,13,Jul,2020,0.3891,0.3891,0.3891,0.3891,0.3891,-
797,10,Jul,2020,0.3886,0.3886,0.3886,0.3886,0.3886,-
798,9,Jul,2020,0.3887,0.3887,0.3887,0.3887,0.3887,-
799,8,Jul,2020,0.3895,0.3895,0.3895,0.3895,0.3895,-
800,7,Jul,2020,0.3892,0.3892,0.3892,0.3892,0.3892,-
801,6,Jul,2020,0.3905,0.3905,0.3905,0.3905,0.3905,-
802,3,Jul,2020,0.3925,0.3925,0.3925,0.3925,0.3925,-
803,2,Jul,2020,0.3952,0.3952,0.3952,0.3952,0.3952,-
804,1,Jul,2020,0.3961,0.3961,0.3961,0.3961,0.3961,-
805,30,Jun,2020,0.3963,0.3963,0.3963,0.3963,0.3963,-
806,29,Jun,2020,0.3975,0.3975,0.3975,0.3975,0.3975,-
807,26,Jun,2020,0.3997,0.3997,0.3997,0.3997,0.3997,-
808,25,Jun,2020,0.4004,0.4004,0.4004,0.4004,0.4004,-
809,24,Jun,2020,0.3983,0.3983,0.3983,0.3983,0.3983,-
810,23,Jun,2020,0.3982,0.3982,0.3982,0.3982,0.3982,-
811,22,Jun,2020,0.3995,0.3995,0.3995,0.3995,0.3995,-
812,19,Jun,2020,0.4031,0.4031,0.4031,0.4031,0.4031,-
813,18,Jun,2020,0.4015,0.4015,0.4015,0.4015,0.4015,-
814,17,Jun,2020,0.4019,0.4019,0.4019,0.4019,0.4019,-
815,16,Jun,2020,0.4002,0.4002,0.4002,0.4002,0.4002,-
816,15,Jun,2020,0.4028,0.4028,0.4028,0.4028,0.4028,-
817,12,Jun,2020,0.4015,0.4015,0.4015,0.4015,0.4015,-
818,11,Jun,2020,0.4017,0.4017,0.4017,0.4017,0.4017,-
819,10,Jun,2020,0.4053,0.4053,0.4053,0.4053,0.4053,-
820,9,Jun,2020,0.4072,0.4072,0.4072,0.4072,0.4072,-
821,8,Jun,2020,0.4092,0.4092,0.4092,0.4092,0.4092,-
822,5,Jun,2020,0.4098,0.4098,0.4098,0.4098,0.4098,-
823,4,Jun,2020,0.4063,0.4063,0.4063,0.4063,0.4063,-
824,3,Jun,2020,0.4033,0.4033,0.4033,0.4033,0.4033,-
825,2,Jun,2020,0.4056,0.4056,0.4056,0.4056,0.4056,-
826,1,Jun,2020,0.4074,0.4074,0.4074,0.4074,0.4074,-
827,29,May,2020,0.3983,0.3983,0.3983,0.3983,0.3983,-
828,28,May,2020,0.3988,0.3988,0.3988,0.3988,0.3988,-
829,27,May,2020,0.3990,0.3990,0.3990,0.3990,0.3990,-
830,26,May,2020,0.3972,0.3972,0.3972,0.3972,0.3972,-
831,22,May,2020,0.3963,0.3963,0.3963,0.3963,0.3963,-
832,21,May,2020,0.3956,0.3956,0.3956,0.3956,0.3956,-
833,20,May,2020,0.3954,0.3954,0.3954,0.3954,0.3954,-
834,19,May,2020,0.3972,0.3972,0.3972,0.3972,0.3972,-
835,18,May,2020,0.3957,0.3957,0.3957,0.3957,0.3957,-
836,15,May,2020,0.3956,0.3956,0.3956,0.3956,0.3956,-
837,14,May,2020,0.3932,0.3932,0.3932,0.3932,0.3932,-
838,13,May,2020,0.3950,0.3950,0.3950,0.3950,0.3950,-
839,12,May,2020,0.4905,0.4905,0.4905,0.4905,0.4905,-
840,11,May,2020,0.4905,0.4905,0.4905,0.4905,0.4905,-
841,7,May,2020,0.4905,0.4905,0.4905,0.4905,0.4905,-
842,6,May,2020,0.4905,0.4905,0.4905,0.4905,0.4905,-
843,5,May,2020,0.4905,0.4905,0.4905,0.4905,0.4905,-
844,4,May,2020,0.4905,0.4905,0.4905,0.4905,0.4905,-
845,1,May,2020,0.4905,0.4905,0.4905,0.4905,0.4905,-
846,30,Apr,2020,0.4905,0.4905,0.4905,0.4905,0.4905,-
847,29,Apr,2020,0.4905,0.4905,0.4905,0.4905,0.4905,-
848,28,Apr,2020,0.4905,0.4905,0.4905,0.4905,0.4905,-
849,27,Apr,2020,0.4905,0.4905,0.4905,0.4905,0.4905,-
850,24,Apr,2020,0.4905,0.4905,0.4905,0.4905,0.4905,-
851,23,Apr,2020,0.4905,0.4905,0.4905,0.4905,0.4905,-
852,22,Apr,2020,0.4905,0.4905,0.4905,0.4905,0.4905,-
853,21,Apr,2020,0.4905,0.4905,0.4905,0.4905,0.4905,-
854,20,Apr,2020,0.4905,0.4905,0.4905,0.4905,0.4905,-
855,17,Apr,2020,0.4905,0.4905,0.4905,0.4905,0.4905,-
856,16,Apr,2020,0.4905,0.4905,0.4905,0.4905,0.4905,-
857,15,Apr,2020,0.4905,0.4905,0.4905,0.4905,0.4905,-
858,14,Apr,2020,0.4905,0.4905,0.4905,0.4905,0.4905,-
859,9,Apr,2020,0.4905,0.4905,0.4905,0.4905,0.4905,-
860,8,Apr,2020,0.4905,0.4905,0.4905,0.4905,0.4905,-
861,7,Apr,2020,0.4905,0.4905,0.4905,0.4905,0.4905,-
862,6,Apr,2020,0.4905,0.4905,0.4905,0.4905,0.4905,-
863,3,Apr,2020,0.4905,0.4905,0.4905,0.4905,0.4905,-
864,2,Apr,2020,0.4905,0.4905,0.4905,0.4905,0.4905,-
865,1,Apr,2020,0.4905,0.4905,0.4905,0.4905,0.4905,-
866,31,Mar,2020,0.4905,0.4905,0.4905,0.4905,0.4905,-
867,30,Mar,2020,0.4905,0.4905,0.4905,0.4905,0.4905,-
868,27,Mar,2020,0.4905,0.4905,0.4905,0.4905,0.4905,-
869,26,Mar,2020,0.4905,0.4905,0.4905,0.4905,0.4905,-
870,25,Mar,2020,0.4905,0.4905,0.4905,0.4905,0.4905,-
871,24,Mar,2020,0.4905,0.4905,0.4905,0.4905,0.4905,-
872,23,Mar,2020,0.4905,0.4905,0.4905,0.4905,0.4905,-
873,20,Mar,2020,0.4905,0.4905,0.4905,0.4905,0.4905,-
874,19,Mar,2020,0.4905,0.4905,0.4905,0.4905,0.4905,-
875,18,Mar,2020,0.4905,0.4905,0.4905,0.4905,0.4905,-
876,17,Mar,2020,0.4905,0.4905,0.4905,0.4905,0.4905,-
877,16,Mar,2020,0.4905,0.4905,0.4905,0.4905,0.4905,-
878,13,Mar,2020,0.4905,0.4905,0.4905,0.4905,0.4905,-
879,12,Mar,2020,0.4905,0.4905,0.4905,0.4905,0.4905,-
880,11,Mar,2020,0.4905,0.4905,0.4905,0.4905,0.4905,-
881,10,Mar,2020,0.4905,0.4905,0.4905,0.4905,0.4905,-
882,9,Mar,2020,0.4905,0.4905,0.4905,0.4905,0.4905,-
883,6,Mar,2020,0.4905,0.4905,0.4905,0.4905,0.4905,-
884,5,Mar,2020,0.4905,0.4905,0.4905,0.4905,0.4905,-
885,4,Mar,2020,0.4905,0.4905,0.4905,0.4905,0.4905,-
886,3,Mar,2020,0.4905,0.4905,0.4905,0.4905,0.4905,-
887,2,Mar,2020,0.4905,0.4905,0.4905,0.4905,0.4905,-
888,28,Feb,2020,0.4905,0.4905,0.4905,0.4905,0.4905,-
889,27,Feb,2020,0.4905,0.4905,0.4905,0.4905,0.4905,-
890,26,Feb,2020,0.4905,0.4905,0.4905,0.4905,0.4905,-
891,25,Feb,2020,0.4905,0.4905,0.4905,0.4905,0.4905,-
892,24,Feb,2020,0.4905,0.4905,0.4905,0.4905,0.4905,-
893,21,Feb,2020,0.4905,0.4905,0.4905,0.4905,0.4905,-
894,20,Feb,2020,0.4905,0.4905,0.4905,0.4905,0.4905,-
895,19,Feb,2020,0.4905,0.4905,0.4905,0.4905,0.4905,-
896,18,Feb,2020,0.4905,0.4905,0.4905,0.4905,0.4905,-
897,17,Feb,2020,0.4905,0.4905,0.4905,0.4905,0.4905,-
898,14,Feb,2020,0.4905,0.4905,0.4905,0.4905,0.4905,-
899,13,Feb,2020,0.5009,0.5009,0.5009,0.5009,0.5009,-
900,12,Feb,2020,0.5009,0.5009,0.5009,0.5009,0.5009,-
901,11,Feb,2020,0.5009,0.5009,0.5009,0.5009,0.5009,-
902,10,Feb,2020,0.5009,0.5009,0.5009,0.5009,0.5009,-
903,7,Feb,2020,0.5009,0.5009,0.5009,0.5009,0.5009,-
904,6,Feb,2020,0.5009,0.5009,0.5009,0.5009,0.5009,-
905,5,Feb,2020,0.5009,0.5009,0.5009,0.5009,0.5009,-
906,4,Feb,2020,0.5009,0.5009,0.5009,0.5009,0.5009,-
907,3,Feb,2020,0.5009,0.5009,0.5009,0.5009,0.5009,-
908,31,Jan,2020,0.5047,0.5047,0.5047,0.5047,0.5047,-
909,30,Jan,2020,0.5047,0.5047,0.5047,0.5047,0.5047,-
910,29,Jan,2020,0.5047,0.5047,0.5047,0.5047,0.5047,-
911,28,Jan,2020,0.5090,0.5090,0.5090,0.5090,0.5090,-
912,27,Jan,2020,0.5090,0.5090,0.5090,0.5090,0.5090,-
913,24,Jan,2020,0.5090,0.5090,0.5090,0.5090,0.5090,-
914,23,Jan,2020,0.5090,0.5090,0.5090,0.5090,0.5090,-
915,22,Jan,2020,0.5113,0.5113,0.5113,0.5113,0.5113,-
916,21,Jan,2020,0.5113,0.5113,0.5113,0.5113,0.5113,-
917,20,Jan,2020,0.5051,0.5051,0.5051,0.5051,0.5051,-
918,17,Jan,2020,0.5041,0.5041,0.5041,0.5041,0.5041,-
919,16,Jan,2020,0.5071,0.5071,0.5071,0.5071,0.5071,-
920,15,Jan,2020,0.4773,0.4773,0.4773,0.4773,0.4773,-
921,14,Jan,2020,0.4773,0.4773,0.4773,0.4773,0.4773,-
922,13,Jan,2020,0.4773,0.4773,0.4773,0.4773,0.4773,-
923,10,Jan,2020,0.4773,0.4773,0.4773,0.4773,0.4773,-
924,9,Jan,2020,0.4773,0.4773,0.4773,0.4773,0.4773,-
925,8,Jan,2020,0.4773,0.4773,0.4773,0.4773,0.4773,-
926,7,Jan,2020,0.4773,0.4773,0.4773,0.4773,0.4773,-
927,6,Jan,2020,0.4773,0.4773,0.4773,0.4773,0.4773,-
928,3,Jan,2020,0.4773,0.4773,0.4773,0.4773,0.4773,-
929,2,Jan,2020,0.4773,0.4773,0.4773,0.4773,0.4773,-
930,31,Dec,2019,0.4773,0.4773,0.4773,0.4773,0.4773,-
931,30,Dec,2019,0.4773,0.4773,0.4773,0.4773,0.4773,-
932,27,Dec,2019,0.4773,0.4773,0.4773,0.4773,0.4773,-
933,24,Dec,2019,0.4773,0.4773,0.4773,0.4773,0.4773,-
934,23,Dec,2019,0.4773,0.4773,0.4773,0.4773,0.4773,-
935,20,Dec,2019,0.4773,0.4773,0.4773,0.4773,0.4773,-
936,19,Dec,2019,0.4773,0.4773,0.4773,0.4773,0.4773,-
937,18,Dec,2019,0.4737,0.4737,0.4737,0.4737,0.4737,-
938,17,Dec,2019,0.4793,0.4793,0.4793,0.4793,0.4793,-
939,16,Dec,2019,0.4705,0.4705,0.4705,0.4705,0.4705,-
940,13,Dec,2019,0.4730,0.4730,0.4730,0.4730,0.4730,-
941,12,Dec,2019,0.4730,0.4730,0.4730,0.4730,0.4730,-
942,11,Dec,2019,0.4760,0.4760,0.4760,0.4760,0.4760,-
943,10,Dec,2019,0.4730,0.4730,0.4730,0.4730,0.4730,-
944,9,Dec,2019,0.4705,0.4705,0.4705,0.4705,0.4705,-
945,6,Dec,2019,0.4735,0.4735,0.4735,0.4735,0.4735,-
946,5,Dec,2019,0.4735,0.4735,0.4735,0.4735,0.4735,-
947,4,Dec,2019,0.4695,0.4695,0.4695,0.4695,0.4695,-
948,3,Dec,2019,0.4685,0.4685,0.4685,0.4685,0.4685,-
949,2,Dec,2019,0.4708,0.4708,0.4708,0.4708,0.4708,-
950,29,Nov,2019,0.4800,0.4800,0.4800,0.4800,0.4800,-
951,28,Nov,2019,0.4800,0.4800,0.4800,0.4800,0.4800,-
952,27,Nov,2019,0.4810,0.4810,0.4810,0.4810,0.4810,-
953,26,Nov,2019,0.4870,0.4870,0.4870,0.4870,0.4870,-
954,25,Nov,2019,0.4870,0.4870,0.4870,0.4870,0.4870,-
955,22,Nov,2019,0.4850,0.4850,0.4850,0.4850,0.4850,-
956,21,Nov,2019,0.4850,0.4850,0.4850,0.4850,0.4850,-
957,20,Nov,2019,0.4850,0.4850,0.4850,0.4850,0.4850,-
958,19,Nov,2019,0.4902,0.4902,0.4902,0.4902,0.4902,-
959,18,Nov,2019,0.4902,0.4902,0.4902,0.4902,0.4902,-
960,15,Nov,2019,0.4902,0.4902,0.4902,0.4902,0.4902,-
961,14,Nov,2019,0.4933,0.4933,0.4933,0.4933,0.4933,-
962,13,Nov,2019,0.4933,0.4933,0.4933,0.4933,0.4933,-
963,12,Nov,2019,0.4933,0.4933,0.4933,0.4933,0.4933,-
964,11,Nov,2019,0.4933,0.4933,0.4933,0.4933,0.4933,-
965,8,Nov,2019,0.4933,0.4933,0.4933,0.4933,0.4933,-
966,7,Nov,2019,0.4933,0.4933,0.4933,0.4933,0.4933,-
967,6,Nov,2019,0.4947,0.4947,0.4947,0.4947,0.4947,-
968,5,Nov,2019,0.4947,0.4947,0.4947,0.4947,0.4947,-
969,4,Nov,2019,0.4902,0.4902,0.4902,0.4902,0.4902,-
970,1,Nov,2019,0.4902,0.4902,0.4902,0.4902,0.4902,-
971,31,Oct,2019,0.4920,0.4920,0.4920,0.4920,0.4920,-
972,30,Oct,2019,0.4934,0.4934,0.4934,0.4934,0.4934,-
973,29,Oct,2019,0.4960,0.4960,0.4960,0.4960,0.4960,-
974,28,Oct,2019,0.4965,0.4965,0.4965,0.4965,0.4965,-
975,25,Oct,2019,0.4945,0.4945,0.4945,0.4945,0.4945,-
976,24,Oct,2019,0.4945,0.4945,0.4945,0.4945,0.4945,-
977,23,Oct,2019,0.4945,0.4945,0.4945,0.4945,0.4945,-
978,22,Oct,2019,0.5000,0.5000,0.5000,0.5000,0.5000,-
979,21,Oct,2019,0.4980,0.4980,0.4980,0.4980,0.4980,-
980,18,Oct,2019,0.4985,0.4985,0.4985,0.4985,0.4985,-
981,17,Oct,2019,0.4955,0.4955,0.4955,0.4955,0.4955,-
982,16,Oct,2019,0.4960,0.4960,0.4960,0.4960,0.4960,-
983,15,Oct,2019,0.4960,0.4960,0.4960,0.4960,0.4960,-
984,14,Oct,2019,0.4960,0.4960,0.4960,0.4960,0.4960,-
985,11,Oct,2019,0.4975,0.4975,0.4975,0.4975,0.4975,-
986,10,Oct,2019,0.4975,0.4975,0.4975,0.4975,0.4975,-
987,9,Oct,2019,0.4994,0.4994,0.4994,0.4994,0.4994,-
988,8,Oct,2019,0.4920,0.4940,0.4920,0.4994,0.4994,"36,400"
989,7,Oct,2019,0.4994,0.4994,0.4994,0.4994,0.4994,-
990,4,Oct,2019,0.5050,0.5050,0.5050,0.5050,0.5050,-
991,3,Oct,2019,0.5050,0.5050,0.5050,0.5050,0.5050,-
992,2,Oct,2019,0.5075,0.5075,0.5075,0.5075,0.5075,-
993,1,Oct,2019,0.5075,0.5075,0.5075,0.5075,0.5075,-
994,30,Sept,2019,0.5035,0.5035,0.5035,0.5035,0.5035,-
995,27,Sept,2019,0.5065,0.5065,0.5065,0.5065,0.5065,-
996,26,Sept,2019,0.5066,0.5066,0.5066,0.5066,0.5066,-
997,25,Sept,2019,0.5085,0.5085,0.5085,0.5085,0.5085,-
998,24,Sept,2019,0.5080,0.5080,0.5080,0.5080,0.5080,-
999,23,Sept,2019,0.5080,0.5080,0.5080,0.5080,0.5080,-
1000,20,Sept,2019,0.5080,0.5080,0.5080,0.5080,0.5080,-
1001,19,Sept,2019,0.5137,0.5137,0.5137,0.5137,0.5137,-
1002,18,Sept,2019,0.5125,0.5125,0.5125,0.5125,0.5125,-
1003,17,Sept,2019,0.5125,0.5125,0.5125,0.5125,0.5125,-
1004,16,Sept,2019,0.5125,0.5125,0.5125,0.5125,0.5125,-
1005,13,Sept,2019,0.5117,0.5117,0.5117,0.5117,0.5117,-
1006,12,Sept,2019,0.5067,0.5067,0.5067,0.5067,0.5067,-
1007,11,Sept,2019,0.5067,0.5067,0.5067,0.5067,0.5067,-
1008,10,Sept,2019,0.5067,0.5067,0.5067,0.5067,0.5067,-
1009,9,Sept,2019,0.5067,0.5067,0.5067,0.5067,0.5067,-
1010,6,Sept,2019,0.5067,0.5067,0.5067,0.5067,0.5067,-
1011,5,Sept,2019,0.5067,0.5067,0.5067,0.5067,0.5067,-
1012,4,Sept,2019,0.5067,0.5067,0.5067,0.5067,0.5067,-
1013,3,Sept,2019,0.5026,0.5026,0.5026,0.5026,0.5026,-
1014,2,Sept,2019,0.5026,0.5026,0.5026,0.5026,0.5026,-
1015,30,Aug,2019,0.5062,0.5062,0.5062,0.5062,0.5062,-
1016,29,Aug,2019,0.5062,0.5062,0.5062,0.5062,0.5062,-
1017,28,Aug,2019,0.5074,0.5074,0.5074,0.5074,0.5074,-
1018,27,Aug,2019,0.5108,0.5108,0.5108,0.5108,0.5108,-
1019,23,Aug,2019,0.5108,0.5108,0.5108,0.5108,0.5108,-
1020,22,Aug,2019,0.5108,0.5108,0.5108,0.5108,0.5108,-
1021,21,Aug,2019,0.5078,0.5078,0.5078,0.5078,0.5078,-
1022,20,Aug,2019,0.5078,0.5078,0.5078,0.5078,0.5078,-
1023,19,Aug,2019,0.5078,0.5078,0.5078,0.5078,0.5078,-
1024,16,Aug,2019,0.5176,0.5176,0.5176,0.5176,0.5176,-
1025,15,Aug,2019,0.5176,0.5176,0.5176,0.5176,0.5176,-
1026,14,Aug,2019,0.5176,0.5176,0.5176,0.5176,0.5176,-
1027,13,Aug,2019,0.5176,0.5176,0.5176,0.5176,0.5176,-
1028,12,Aug,2019,0.5176,0.5176,0.5176,0.5176,0.5176,-
1029,9,Aug,2019,0.5164,0.5164,0.5164,0.5164,0.5164,-
1030,8,Aug,2019,0.5164,0.5164,0.5164,0.5164,0.5164,-
1031,7,Aug,2019,0.5145,0.5145,0.5145,0.5145,0.5145,-
1032,6,Aug,2019,0.5145,0.5145,0.5145,0.5145,0.5145,-
1033,5,Aug,2019,0.5145,0.5145,0.5145,0.5145,0.5145,-
1034,2,Aug,2019,0.5145,0.5145,0.5145,0.5145,0.5145,-
1035,1,Aug,2019,0.5165,0.5165,0.5165,0.5165,0.5165,-
1036,31,Jul,2019,0.5165,0.5165,0.5165,0.5165,0.5165,-
1037,30,Jul,2019,0.5165,0.5165,0.5165,0.5165,0.5165,-
1038,29,Jul,2019,0.5165,0.5165,0.5165,0.5165,0.5165,-
1039,26,Jul,2019,0.5134,0.5134,0.5134,0.5134,0.5134,-
1040,25,Jul,2019,0.5134,0.5134,0.5134,0.5134,0.5134,-
1041,24,Jul,2019,0.5134,0.5134,0.5134,0.5134,0.5134,-
1042,23,Jul,2019,0.5145,0.5145,0.5145,0.5145,0.5145,-
1043,22,Jul,2019,0.5145,0.5145,0.5145,0.5145,0.5145,-
1044,19,Jul,2019,0.5145,0.5145,0.5145,0.5145,0.5145,-
1045,18,Jul,2019,0.5125,0.5125,0.5125,0.5125,0.5125,-
1046,17,Jul,2019,0.5125,0.5125,0.5125,0.5125,0.5125,-
1047,16,Jul,2019,0.5125,0.5125,0.5125,0.5125,0.5125,-
1048,15,Jul,2019,0.5125,0.5125,0.5125,0.5125,0.5125,-
1049,12,Jul,2019,0.5175,0.5175,0.5175,0.5175,0.5175,-
1050,11,Jul,2019,0.5156,0.5156,0.5156,0.5156,0.5156,-
1051,10,Jul,2019,0.5156,0.5156,0.5156,0.5156,0.5156,-
1052,9,Jul,2019,0.5156,0.5156,0.5156,0.5156,0.5156,-
1053,8,Jul,2019,0.5156,0.5156,0.5156,0.5156,0.5156,-
1054,5,Jul,2019,0.5156,0.5156,0.5156,0.5156,0.5156,-
1055,4,Jul,2019,0.5156,0.5156,0.5156,0.5156,0.5156,-
1056,3,Jul,2019,0.5156,0.5156,0.5156,0.5156,0.5156,-
1057,2,Jul,2019,0.5156,0.5156,0.5156,0.5156,0.5156,-
1058,1,Jul,2019,0.5140,0.5140,0.5140,0.5140,0.5140,-
1059,28,Jun,2019,0.5140,0.5140,0.5140,0.5140,0.5140,-
1060,27,Jun,2019,0.5109,0.5109,0.5109,0.5109,0.5109,-
1061,26,Jun,2019,0.5109,0.5109,0.5109,0.5109,0.5109,-
1062,25,Jun,2019,0.5125,0.5125,0.5125,0.5125,0.5125,-
1063,24,Jun,2019,0.5125,0.5125,0.5125,0.5125,0.5125,-
1064,21,Jun,2019,0.5125,0.5125,0.5125,0.5125,0.5125,-
1065,20,Jun,2019,0.5125,0.5125,0.5125,0.5125,0.5125,-
1066,19,Jun,2019,0.5125,0.5125,0.5125,0.5125,0.5125,-
1067,18,Jun,2019,0.5125,0.5125,0.5125,0.5125,0.5125,-
1068,17,Jun,2019,0.5125,0.5125,0.5125,0.5125,0.5125,-
1069,14,Jun,2019,0.5125,0.5125,0.5125,0.5125,0.5125,-
1070,13,Jun,2019,0.5125,0.5125,0.5125,0.5125,0.5125,-
1071,12,Jun,2019,0.5125,0.5125,0.5125,0.5125,0.5125,-
1072,11,Jun,2019,0.5125,0.5125,0.5125,0.5125,0.5125,-
1073,10,Jun,2019,0.5127,0.5127,0.5127,0.5127,0.5127,-
1074,7,Jun,2019,0.5127,0.5127,0.5127,0.5127,0.5127,-
1075,6,Jun,2019,0.5095,0.5095,0.5095,0.5095,0.5095,-
1076,5,Jun,2019,0.5125,0.5125,0.5125,0.5125,0.5125,-
1077,4,Jun,2019,0.5125,0.5125,0.5125,0.5125,0.5125,-
1078,3,Jun,2019,0.5075,0.5075,0.5075,0.5075,0.5075,-
1079,31,May,2019,0.5075,0.5075,0.5075,0.5075,0.5075,-
1080,30,May,2019,0.5055,0.5055,0.5055,0.5055,0.5055,-
1081,29,May,2019,0.5050,0.5050,0.5050,0.5050,0.5050,-
1082,28,May,2019,0.5045,0.5045,0.5045,0.5045,0.5045,-
1083,24,May,2019,0.5092,0.5092,0.5092,0.5092,0.5092,-
1084,23,May,2019,0.5092,0.5092,0.5092,0.5092,0.5092,-
1085,22,May,2019,0.5062,0.5062,0.5062,0.5062,0.5062,-
1086,21,May,2019,0.5062,0.5062,0.5062,0.5062,0.5062,-
1087,20,May,2019,0.5062,0.5062,0.5062,0.5062,0.5062,-
1088,17,May,2019,0.5062,0.5062,0.5062,0.5062,0.5062,-
1089,16,May,2019,0.5062,0.5062,0.5062,0.5062,0.5062,-
1090,15,May,2019,0.5062,0.5062,0.5062,0.5062,0.5062,-
1091,14,May,2019,0.5062,0.5062,0.5062,0.5062,0.5062,-
1092,13,May,2019,0.5085,0.5085,0.5085,0.5085,0.5085,-
1093,10,May,2019,0.5055,0.5055,0.5055,0.5055,0.5055,-
1094,9,May,2019,0.5055,0.5055,0.5055,0.5055,0.5055,-
1095,8,May,2019,0.5055,0.5055,0.5055,0.5055,0.5055,-
1096,7,May,2019,0.5055,0.5055,0.5055,0.5055,0.5055,-
1097,3,May,2019,0.5070,0.5070,0.5070,0.5070,0.5070,-
1098,2,May,2019,0.5070,0.5070,0.5070,0.5070,0.5070,-
1099,1,May,2019,0.5070,0.5070,0.5070,0.5070,0.5070,-
1100,30,Apr,2019,0.5070,0.5070,0.5070,0.5070,0.5070,-
1101,29,Apr,2019,0.5070,0.5070,0.5070,0.5070,0.5070,-
1102,26,Apr,2019,0.5070,0.5070,0.5070,0.5070,0.5070,-
1103,25,Apr,2019,0.5070,0.5070,0.5070,0.5070,0.5070,-
1104,24,Apr,2019,0.5070,0.5070,0.5070,0.5070,0.5070,-
1105,23,Apr,2019,0.5125,0.5125,0.5125,0.5125,0.5125,-
1106,18,Apr,2019,0.5127,0.5127,0.5127,0.5127,0.5127,-
1107,17,Apr,2019,0.5125,0.5125,0.5125,0.5125,0.5125,-
1108,16,Apr,2019,0.5119,0.5119,0.5119,0.5119,0.5119,-
1109,15,Apr,2019,0.5124,0.5124,0.5124,0.5124,0.5124,-
1110,12,Apr,2019,0.5125,0.5125,0.5125,0.5125,0.5125,-
1111,11,Apr,2019,0.5152,0.5152,0.5152,0.5152,0.5152,-
1112,10,Apr,2019,0.5148,0.5148,0.5148,0.5148,0.5148,-
1113,9,Apr,2019,0.5167,0.5167,0.5167,0.5167,0.5167,-
1114,8,Apr,2019,0.5173,0.5173,0.5173,0.5173,0.5173,-
1115,5,Apr,2019,0.5193,0.5193,0.5193,0.5193,0.5193,-
1116,4,Apr,2019,0.5193,0.5193,0.5193,0.5193,0.5193,-
1117,3,Apr,2019,0.5193,0.5193,0.5193,0.5193,0.5193,-
1118,2,Apr,2019,0.5193,0.5193,0.5193,0.5193,0.5193,-
1119,1,Apr,2019,0.5168,0.5168,0.5168,0.5168,0.5168,-
1120,29,Mar,2019,0.5181,0.5181,0.5181,0.5181,0.5181,-
1121,28,Mar,2019,0.5188,0.5188,0.5188,0.5188,0.5188,-
1122,27,Mar,2019,0.5189,0.5189,0.5189,0.5189,0.5189,-
1123,26,Mar,2019,0.5213,0.5213,0.5213,0.5213,0.5213,-
1124,25,Mar,2019,0.5218,0.5218,0.5218,0.5218,0.5218,-
1125,22,Mar,2019,0.5239,0.5239,0.5239,0.5239,0.5239,-
1126,21,Mar,2019,0.5295,0.5295,0.5295,0.5295,0.5295,-
1127,20,Mar,2019,0.5325,0.5325,0.5325,0.5325,0.5325,-
1128,19,Mar,2019,0.5390,0.5390,0.5390,0.5390,0.5390,-
1129,18,Mar,2019,0.5200,0.5200,0.5200,0.5200,0.5200,-
1130,15,Mar,2019,0.5200,0.5200,0.5200,0.5200,0.5200,-
1131,14,Mar,2019,0.5240,0.5240,0.5240,0.5240,0.5240,-
1132,13,Mar,2019,0.5240,0.5240,0.5240,0.5240,0.5240,-
1133,12,Mar,2019,0.5240,0.5240,0.5240,0.5240,0.5240,-
1134,11,Mar,2019,0.5261,0.5261,0.5261,0.5261,0.5261,-
1135,8,Mar,2019,0.5233,0.5233,0.5233,0.5233,0.5233,-
1136,7,Mar,2019,0.5233,0.5233,0.5233,0.5233,0.5233,-
1137,6,Mar,2019,0.5231,0.5231,0.5231,0.5231,0.5231,-
1138,5,Mar,2019,-,-,-,-,-,-
1139,4,Mar,2019,0.5291,0.5291,0.5291,0.5291,0.5291,-
1140,1,Mar,2019,0.5291,0.5291,0.5291,0.5291,0.5291,-
1141,28,Feb,2019,0.5291,0.5291,0.5291,0.5291,0.5291,-
1142,27,Feb,2019,0.5291,0.5291,0.5291,0.5291,0.5291,-
1143,26,Feb,2019,0.5270,0.5270,0.5270,0.5306,0.5306,"18,200"
1144,25,Feb,2019,0.5330,0.5330,0.5330,0.5345,0.5345,"18,200"
1145,22,Feb,2019,0.5222,0.5222,0.5222,0.5222,0.5222,-
1146,21,Feb,2019,0.5205,0.5205,0.5205,0.5205,0.5205,-
1147,20,Feb,2019,0.5206,0.5206,0.5206,0.5206,0.5206,-
1148,19,Feb,2019,0.5206,0.5206,0.5206,0.5206,0.5206,-
1149,18,Feb,2019,0.5205,0.5205,0.5205,0.5205,0.5205,-
1150,15,Feb,2019,0.5225,0.5225,0.5225,0.5225,0.5225,-
1151,14,Feb,2019,0.5246,0.5246,0.5246,0.5246,0.5246,-
1152,13,Feb,2019,0.5170,0.5170,0.5170,0.5170,0.5170,-
1153,12,Feb,2019,0.5170,0.5170,0.5170,0.5170,0.5170,-
1154,11,Feb,2019,0.5170,0.5170,0.5170,0.5170,0.5170,-
1155,8,Feb,2019,0.5159,0.5159,0.5159,0.5159,0.5159,-
1156,7,Feb,2019,0.5160,0.5160,0.5160,0.5160,0.5160,-
1157,6,Feb,2019,0.5190,0.5190,0.5190,0.5190,0.5190,-
1158,5,Feb,2019,0.5210,0.5210,0.5210,0.5210,0.5210,-
1159,4,Feb,2019,0.5220,0.5220,0.5220,0.5220,0.5220,-
1160,1,Feb,2019,0.5260,0.5260,0.5260,0.5260,0.5260,-
1161,31,Jan,2019,0.5200,0.5200,0.5200,0.5200,0.5200,-
1162,30,Jan,2019,0.5175,0.5175,0.5175,0.5175,0.5175,-
1163,29,Jan,2019,0.5200,0.5200,0.5200,0.5200,0.5200,-
1164,28,Jan,2019,0.5175,0.5175,0.5175,0.5175,0.5175,-
1165,25,Jan,2019,0.5170,0.5170,0.5170,0.5170,0.5170,-
1166,24,Jan,2019,0.5150,0.5150,0.5150,0.5150,0.5150,-
1167,23,Jan,2019,0.5060,0.5060,0.5060,0.5060,0.5060,-
1168,22,Jan,2019,0.5120,0.5120,0.5120,0.5120,0.5120,-
1169,21,Jan,2019,0.5085,0.5085,0.5085,0.5085,0.5085,-
1170,18,Jan,2019,0.5085,0.5085,0.5085,0.5085,0.5085,-
1171,17,Jan,2019,0.5060,0.5060,0.5060,0.5060,0.5060,-
1172,16,Jan,2019,0.5085,0.5085,0.5085,0.5085,0.5085,-
1173,15,Jan,2019,0.5140,0.5140,0.5140,0.5140,0.5140,-
1174,14,Jan,2019,0.5102,0.5102,0.5102,0.5102,0.5102,-
1175,11,Jan,2019,0.5102,0.5102,0.5102,0.5102,0.5102,-
1176,10,Jan,2019,0.5157,0.5157,0.5157,0.5157,0.5157,-
1177,9,Jan,2019,0.5167,0.5167,0.5167,0.5167,0.5167,-
1178,8,Jan,2019,0.5214,0.5214,0.5214,0.5214,0.5214,-
1179,7,Jan,2019,0.5214,0.5214,0.5214,0.5214,0.5214,-
1180,4,Jan,2019,0.5238,0.5238,0.5238,0.5238,0.5238,-
1181,3,Jan,2019,0.5268,0.5268,0.5268,0.5268,0.5268,-
1182,2,Jan,2019,0.5315,0.5315,0.5315,0.5315,0.5315,-
1183,31,Dec,2018,0.5325,0.5325,0.5325,0.5325,0.5325,-
1184,28,Dec,2018,0.5330,0.5330,0.5330,0.5330,0.5330,-
1185,27,Dec,2018,0.5350,0.5350,0.5350,0.5350,0.5350,-
1186,24,Dec,2018,0.5360,0.5360,0.5360,0.5360,0.5360,-
1187,21,Dec,2018,0.5360,0.5360,0.5360,0.5360,0.5360,-
1188,20,Dec,2018,0.5350,0.5350,0.5350,0.5350,0.5350,-
1189,19,Dec,2018,0.5385,0.5385,0.5385,0.5385,0.5385,-
1190,18,Dec,2018,0.5365,0.5365,0.5365,0.5365,0.5365,-
1191,17,Dec,2018,0.5387,0.5387,0.5387,0.5387,0.5387,-
1192,14,Dec,2018,0.5385,0.5385,0.5385,0.5385,0.5385,-
1193,13,Dec,2018,0.5395,0.5395,0.5395,0.5395,0.5395,-
1194,12,Dec,2018,0.5390,0.5390,0.5390,0.5390,0.5390,-
1195,11,Dec,2018,0.5390,0.5390,0.5390,0.5390,0.5390,-
1196,10,Dec,2018,0.5410,0.5410,0.5410,0.5410,0.5410,-
1197,7,Dec,2018,0.5410,0.5410,0.5410,0.5410,0.5410,-
1198,6,Dec,2018,0.5410,0.5410,0.5410,0.5410,0.5410,-
1199,5,Dec,2018,0.5480,0.5480,0.5480,0.5480,0.5480,-
1200,4,Dec,2018,0.5485,0.5485,0.5485,0.5485,0.5485,-
1201,3,Dec,2018,0.5450,0.5450,0.5450,0.5450,0.5450,-
1202,30,Nov,2018,0.5400,0.5400,0.5400,0.5400,0.5400,-
1203,29,Nov,2018,0.5385,0.5385,0.5385,0.5385,0.5385,-
1204,28,Nov,2018,0.5330,0.5330,0.5330,0.5330,0.5330,-
1205,27,Nov,2018,0.5325,0.5325,0.5325,0.5325,0.5325,-
1206,26,Nov,2018,0.5350,0.5350,0.5350,0.5350,0.5350,-
1207,23,Nov,2018,0.5360,0.5360,0.5360,0.5360,0.5360,-
1208,22,Nov,2018,0.5387,0.5387,0.5387,0.5387,0.5387,-
1209,21,Nov,2018,0.5375,0.5375,0.5375,0.5375,0.5375,-
1210,20,Nov,2018,0.5400,0.5400,0.5400,0.5400,0.5400,-
1211,19,Nov,2018,0.5450,0.5450,0.5450,0.5450,0.5450,-
1212,16,Nov,2018,0.5465,0.5465,0.5465,0.5465,0.5465,-
1213,15,Nov,2018,0.5445,0.5445,0.5445,0.5445,0.5445,-
1214,14,Nov,2018,0.5430,0.5430,0.5430,0.5430,0.5430,-
1215,13,Nov,2018,0.5430,0.5430,0.5430,0.5430,0.5430,-
1216,12,Nov,2018,0.5455,0.5455,0.5455,0.5455,0.5455,-
1217,9,Nov,2018,0.5460,0.5460,0.5460,0.5460,0.5460,-
1218,8,Nov,2018,0.5445,0.5445,0.5445,0.5445,0.5445,-
1219,7,Nov,2018,0.5435,0.5435,0.5435,0.5435,0.5435,-
1220,6,Nov,2018,0.5445,0.5445,0.5445,0.5445,0.5445,-
1221,5,Nov,2018,0.5455,0.5455,0.5455,0.5455,0.5455,-
1222,2,Nov,2018,0.5455,0.5455,0.5455,0.5455,0.5455,-
1223,1,Nov,2018,0.5455,0.5455,0.5455,0.5455,0.5455,-
1224,31,Oct,2018,0.5435,0.5435,0.5435,0.5435,0.5435,-
1225,30,Oct,2018,0.5420,0.5420,0.5420,0.5512,0.5512,"5,000"
1226,29,Oct,2018,0.5487,0.5487,0.5487,0.5487,0.5487,-
1227,26,Oct,2018,0.5477,0.5477,0.5477,0.5477,0.5477,-
1228,25,Oct,2018,0.5485,0.5485,0.5485,0.5485,0.5485,-
1229,24,Oct,2018,0.5487,0.5487,0.5487,0.5487,0.5487,-
1230,23,Oct,2018,0.5483,0.5483,0.5483,0.5483,0.5483,-
1231,22,Oct,2018,0.5577,0.5577,0.5577,0.5577,0.5577,-
1232,19,Oct,2018,0.5585,0.5585,0.5585,0.5585,0.5585,-
1233,18,Oct,2018,0.5590,0.5590,0.5590,0.5590,0.5590,-
1234,17,Oct,2018,0.5600,0.5600,0.5600,0.5600,0.5600,-
1235,16,Oct,2018,0.5605,0.5605,0.5605,0.5605,0.5605,-
1236,15,Oct,2018,0.5605,0.5605,0.5605,0.5605,0.5605,-
1237,12,Oct,2018,0.5608,0.5608,0.5608,0.5608,0.5608,-
1238,11,Oct,2018,0.5583,0.5583,0.5583,0.5583,0.5583,-
1239,10,Oct,2018,0.5678,0.5678,0.5678,0.5678,0.5678,-
1240,9,Oct,2018,0.5684,0.5684,0.5684,0.5684,0.5684,-
1241,8,Oct,2018,0.5700,0.5700,0.5700,0.5700,0.5700,-
1242,5,Oct,2018,0.5708,0.5708,0.5708,0.5716,0.5716,"50,000"
1243,4,Oct,2018,0.5727,0.5727,0.5727,0.5727,0.5727,-
1244,3,Oct,2018,0.5720,0.5720,0.5720,0.5720,0.5720,-
1245,2,Oct,2018,0.5739,0.5739,0.5739,0.5739,0.5739,-
1246,1,Oct,2018,0.5680,0.5700,0.5680,0.5747,0.5747,"18,370"
