Date,Open,High,Low,Close,Adj Close,Volume
1/3/11,0.032867,0.032867,0.032599,0.032867,0.032867,0
1/4/11,0.032757,0.033043,0.032682,0.032867,0.032867,0
1/5/11,0.032695,0.032968,0.032622,0.032867,0.032867,0
1/6/11,0.032636,0.032903,0.032553,0.032867,0.032867,0
1/7/11,0.032867,0.032867,0.032472,0.032867,0.032867,0
1/10/11,0.032867,0.032867,0.032491,0.032867,0.032867,0
1/11/11,0.032504,0.032775,0.032504,0.032867,0.032867,0
1/12/11,0.03282,0.033161,0.032779,0.032735,0.032735,0
1/13/11,0.03321,0.033381,0.033173,0.033233,0.033233,0
1/14/11,0.033257,0.033445,0.033244,0.033403,0.033403,0
1/17/11,0.033346,0.033417,0.033234,0.033346,0.033346,0
1/18/11,0.033367,0.033536,0.033367,0.033359,0.033359,0
1/19/11,0.033458,0.033608,0.033458,0.033458,0.033458,0
1/20/11,0.033586,0.033586,0.03327,0.033525,0.033525,0
1/21/11,0.034166,0.034298,0.033279,0.034188,0.034188,0
1/24/11,0.033471,0.033569,0.033422,0.033423,0.033423,0
1/25/11,0.033519,0.03363,0.033519,0.033519,0.033519,0
1/26/11,0.033578,0.033682,0.033548,0.033669,0.033669,0
1/27/11,0.033651,0.033835,0.03365,0.033664,0.033664,0
1/28/11,0.033827,0.033827,0.033556,0.0338,0.0338,0
1/31/11,0.03355,0.033619,0.033483,0.033695,0.033695,0
2/1/11,0.033608,0.033857,0.033604,0.033574,0.033574,0
2/2/11,0.033769,0.034029,0.033769,0.033769,0.033769,0
2/3/11,0.03396,0.034175,0.033927,0.033973,0.033973,0
2/4/11,0.033977,0.034101,0.033936,0.033972,0.033972,0
2/7/11,0.034052,0.034162,0.034008,0.034027,0.034027,0
2/8/11,0.034238,0.034241,0.03412,0.034179,0.034179,0
2/9/11,0.034206,0.034217,0.034084,0.034184,0.034184,0
2/10/11,0.034155,0.034162,0.034034,0.034199,0.034199,0
2/11/11,0.034095,0.034202,0.034047,0.034121,0.034121,0
2/14/11,0.03411,0.034236,0.034085,0.034138,0.034138,0
2/15/11,0.034165,0.034206,0.034102,0.034157,0.034157,0
2/16/11,0.034173,0.034194,0.034103,0.034109,0.034109,0
2/17/11,0.034247,0.034254,0.034151,0.034239,0.034239,0
2/18/11,0.034198,0.034322,0.034172,0.03421,0.03421,0
2/21/11,0.034307,0.034358,0.034261,0.034307,0.034307,0
2/22/11,0.034189,0.034222,0.034117,0.034323,0.034323,0
2/23/11,0.034194,0.034325,0.034188,0.03416,0.03416,0
2/24/11,0.034324,0.03453,0.034182,0.034268,0.034268,0
2/25/11,0.034566,0.034618,0.034459,0.03449,0.03449,0
2/28/11,0.034572,0.03474,0.034554,0.034572,0.034572,0
3/1/11,0.034711,0.035002,0.034642,0.034651,0.034651,0
3/2/11,0.03475,0.035273,0.03474,0.034799,0.034799,0
3/3/11,0.035228,0.035554,0.035226,0.035237,0.035237,0
3/4/11,0.035497,0.035587,0.035416,0.035511,0.035511,0
3/7/11,0.035468,0.035581,0.035455,0.035468,0.035468,0
3/8/11,0.035468,0.035505,0.035248,0.035482,0.035482,0
3/9/11,0.034578,0.035489,0.034578,0.035485,0.035485,0
3/10/11,0.035418,0.035418,0.034982,0.035267,0.035267,0
3/11/11,0.035002,0.035059,0.034754,0.03496,0.03496,0
3/14/11,0.0348,0.035086,0.0348,0.0348,0.0348,0
3/15/11,0.035056,0.035056,0.034563,0.035056,0.035056,0
3/16/11,0.034699,0.03497,0.034699,0.034699,0.034699,0
3/17/11,0.034926,0.035006,0.034785,0.034926,0.034926,0
3/18/11,0.034907,0.03519,0.034907,0.034907,0.034907,0
3/21/11,0.035126,0.035388,0.035126,0.035126,0.035126,0
3/22/11,0.03534,0.035577,0.03534,0.03534,0.03534,0
3/23/11,0.035418,0.035442,0.035265,0.035418,0.035418,0
3/24/11,0.035297,0.035442,0.035167,0.035297,0.035297,0
3/25/11,0.035316,0.035505,0.035316,0.035316,0.035316,0
3/28/11,0.035354,0.035354,0.035173,0.036074,0.036074,0
3/29/11,0.035307,0.035352,0.035179,0.035308,0.035308,0
3/30/11,0.03524,0.035258,0.034973,0.035273,0.035273,0
3/31/11,0.035091,0.035317,0.035012,0.035067,0.035067,0
4/1/11,0.035211,0.035322,0.035165,0.0352,0.0352,0
4/4/11,0.035203,0.035777,0.035203,0.035203,0.035203,0
4/5/11,0.035365,0.035376,0.035241,0.035365,0.035365,0
4/6/11,0.035293,0.035564,0.035293,0.035293,0.035293,0
4/7/11,0.035545,0.035545,0.035348,0.035545,0.035545,0
4/8/11,0.035472,0.035769,0.035472,0.035472,0.035472,0
4/11/11,0.035674,0.035782,0.035628,0.035674,0.035674,0
4/12/11,0.035683,0.035713,0.035482,0.035683,0.035683,0
4/13/11,0.035666,0.035666,0.035494,0.035666,0.035666,0
4/14/11,0.035596,0.035596,0.035337,0.035596,0.035596,0
4/15/11,null,null,null,null,null,null
4/18/11,0.035541,0.035569,0.035191,0.035541,0.035541,0
4/19/11,0.035367,0.035367,0.035095,0.035367,0.035367,0
4/20/11,0.035325,0.035657,0.035325,0.035325,0.035325,0
4/21/11,0.035638,0.035932,0.035638,0.035638,0.035638,0
4/22/11,0.03581,0.035827,0.035688,0.03581,0.03581,0
4/25/11,0.035702,0.035956,0.035696,0.035702,0.035702,0
4/26/11,0.035916,0.036029,0.035785,0.035916,0.035916,0
4/27/11,0.035951,0.03613,0.035951,0.035951,0.035951,0
4/28/11,0.036107,0.036422,0.036107,0.036107,0.036107,0
4/29/11,0.036342,0.03672,0.036301,0.036342,0.036342,0
5/2/11,0.036572,0.036704,0.036462,0.036572,0.036572,0
5/3/11,0.03661,0.036657,0.036495,0.03661,0.03661,0
5/4/11,0.036565,0.036828,0.036512,0.036565,0.036565,0
5/5/11,0.036826,0.036826,0.036278,0.036826,0.036826,0
5/6/11,0.036493,0.036493,0.03594,0.036493,0.036493,0
5/9/11,0.036238,0.036238,0.035836,0.036238,0.036238,0
5/10/11,0.035932,0.036093,0.035795,0.035932,0.035932,0
5/11/11,0.036046,0.036258,0.036005,0.036046,0.036046,0
5/12/11,0.036109,0.036109,0.035642,0.036109,0.036109,0
5/13/11,0.035682,0.036005,0.03561,0.035682,0.035682,0
5/16/11,0.035641,0.035705,0.035431,0.035813,0.035813,0
5/17/11,0.035508,0.035634,0.035392,0.035566,0.035566,0
5/18/11,0.035603,0.035917,0.035594,0.035553,0.035553,0
5/19/11,0.035651,0.035816,0.035616,0.035622,0.035622,0
5/20/11,0.035785,0.035862,0.035437,0.035782,0.035782,0
5/23/11,0.035702,0.035702,0.035042,0.035702,0.035702,0
5/24/11,0.035115,0.035326,0.035105,0.035115,0.035115,0
5/25/11,0.03527,0.035279,0.035074,0.03527,0.03527,0
5/26/11,0.03527,0.035527,0.035149,0.03527,0.03527,0
5/27/11,0.035508,0.035729,0.035508,0.035508,0.035508,0
5/30/11,0.035684,0.035749,0.035584,0.035684,0.035684,0
5/31/11,0.035716,0.035813,0.035691,0.035716,0.035716,0
6/1/11,0.035748,0.035876,0.035708,0.035748,0.035748,0
6/2/11,0.035842,0.035867,0.035649,0.035842,0.035842,0
6/3/11,0.035862,0.035954,0.035766,0.035862,0.035862,0
6/6/11,0.035802,0.03605,0.035802,0.035802,0.035802,0
6/7/11,0.035958,0.036124,0.035929,0.035958,0.035958,0
6/8/11,0.03608,0.036163,0.036014,0.03608,0.03608,0
6/9/11,0.036051,0.036169,0.035958,0.036051,0.036051,0
6/10/11,0.036111,0.036111,0.035724,0.036111,0.036111,0
6/13/11,0.036526,0.036526,0.035699,0.036591,0.036591,0
6/14/11,0.036793,0.036793,0.035809,0.035808,0.035808,0
6/15/11,0.035884,0.035904,0.035654,0.035884,0.035884,0
6/16/11,0.035756,0.035756,0.035384,0.035756,0.035756,0
6/17/11,0.035495,0.035732,0.035436,0.035495,0.035495,0
6/20/11,0.035656,0.035668,0.035457,0.035656,0.035656,0
6/21/11,0.035657,0.035821,0.035657,0.035657,0.035657,0
6/22/11,0.035794,0.035893,0.035718,0.035794,0.035794,0
6/23/11,0.035768,0.035768,0.035324,0.035768,0.035768,0
6/24/11,0.035436,0.035605,0.035366,0.035436,0.035436,0
6/27/11,0.035522,0.035522,0.035237,0.035522,0.035522,0
6/28/11,0.035311,0.035692,0.035311,0.035311,0.035311,0
6/29/11,0.035646,0.03578,0.035566,0.035646,0.035646,0
6/30/11,0.035756,0.035959,0.035756,0.035756,0.035756,0
7/1/11,0.035852,0.035964,0.035819,0.035852,0.035852,0
7/4/11,0.035925,0.036042,0.035923,0.035925,0.035925,0
7/5/11,0.035965,0.035967,0.035865,0.035965,0.035965,0
7/6/11,0.0359,0.035939,0.035693,0.0359,0.0359,0
7/7/11,0.035766,0.035881,0.035644,0.035763,0.035763,0
7/8/11,0.035881,0.0359,0.035679,0.035881,0.035881,0
7/11/11,0.035673,0.035703,0.035368,0.035675,0.035675,0
7/12/11,0.035452,0.035455,0.035153,0.035448,0.035448,0
7/13/11,0.035315,0.035703,0.03531,0.035317,0.035317,0
7/14/11,0.035777,0.035843,0.035575,0.035783,0.035783,0
7/15/11,0.035583,0.035663,0.035494,0.035585,0.035585,0
7/18/11,0.035603,0.035621,0.035389,0.036498,0.036498,0
7/19/11,0.03554,0.035737,0.035389,0.035543,0.035543,0
7/20/11,0.035683,0.035813,0.035448,0.035677,0.035677,0
7/21/11,0.035829,0.036085,0.035609,0.035827,0.035827,0
7/22/11,0.036111,0.036159,0.035949,0.036116,0.036116,0
7/25/11,0.036053,0.036134,0.035993,0.036065,0.036065,0
7/26/11,0.036118,0.036387,0.036065,0.036121,0.036121,0
7/27/11,0.036371,0.036508,0.036266,0.036373,0.036373,0
7/28/11,0.036367,0.036372,0.036164,0.036367,0.036367,0
7/29/11,0.036309,0.036347,0.036011,0.036304,0.036304,0
8/1/11,0.03621,0.03638,0.035916,0.036203,0.036203,0
8/2/11,0.036045,0.036078,0.035868,0.036041,0.036041,0
8/3/11,0.035927,0.036028,0.035781,0.035926,0.035926,0
8/4/11,0.035955,0.03598,0.035544,0.035955,0.035955,0
8/5/11,0.035424,0.035507,0.0352,0.035424,0.035424,0
8/8/11,0.035403,0.035404,0.034393,0.035403,0.035403,0
8/9/11,0.034569,0.034569,0.033183,0.034569,0.034569,0
8/10/11,0.033515,0.034263,0.033484,0.033515,0.033515,0
8/11/11,0.033698,0.034122,0.033588,0.033698,0.033698,0
8/12/11,0.03398,0.034465,0.033862,0.033985,0.033985,0
8/15/11,0.034527,0.034962,0.034527,0.034527,0.034527,0
8/16/11,0.034956,0.035011,0.034699,0.034951,0.034951,0
8/17/11,0.034927,0.034941,0.034698,0.034927,0.034927,0
8/18/11,0.034755,0.034793,0.03419,0.034755,0.034755,0
8/19/11,0.034437,0.034535,0.034118,0.034437,0.034437,0
8/22/11,0.034506,0.034506,0.034113,0.034506,0.034506,0
8/23/11,0.034365,0.034712,0.03436,0.034365,0.034365,0
8/24/11,0.034589,0.0347,0.034515,0.034594,0.034594,0
8/25/11,0.034578,0.034751,0.034514,0.034578,0.034578,0
8/26/11,0.034619,0.034728,0.034483,0.034619,0.034619,0
8/29/11,0.034827,0.034871,0.034678,0.034827,0.034827,0
8/30/11,0.034833,0.034833,0.034464,0.034833,0.034833,0
8/31/11,0.034671,0.034724,0.034535,0.034671,0.034671,0
9/1/11,0.034731,0.034732,0.034439,0.034731,0.034731,0
9/2/11,0.034558,0.034591,0.034284,0.034552,0.034552,0
9/5/11,0.034314,0.034333,0.033861,0.034314,0.034314,0
9/6/11,0.033946,0.034034,0.033696,0.03394,0.03394,0
9/7/11,0.033807,0.033978,0.033807,0.033807,0.033807,0
9/8/11,0.034014,0.034026,0.033752,0.034014,0.034014,0
9/9/11,0.033786,0.03383,0.033272,0.033786,0.033786,0
9/12/11,0.033276,0.033294,0.032947,0.033262,0.033262,0
9/13/11,0.033091,0.033211,0.032982,0.033091,0.033091,0
9/14/11,0.033116,0.033142,0.032819,0.033116,0.033116,0
9/15/11,0.032904,0.033088,0.032725,0.032904,0.032904,0
9/16/11,0.032962,0.033019,0.032663,0.032962,0.032962,0
9/19/11,0.032703,0.032715,0.031937,0.032703,0.032703,0
9/20/11,0.031974,0.031974,0.03168,0.031974,0.031974,0
9/21/11,0.031857,0.031955,0.031684,0.031857,0.031857,0
9/22/11,0.0316,0.0316,0.031079,0.0316,0.0316,0
9/23/11,0.031208,0.031317,0.030932,0.031202,0.031202,0
9/26/11,0.031306,0.031306,0.030751,0.031306,0.031306,0
9/27/11,0.030954,0.031652,0.03091,0.030954,0.030954,0
9/28/11,0.03157,0.031587,0.031354,0.03157,0.03157,0
9/29/11,0.031531,0.031531,0.031218,0.031531,0.031531,0
9/30/11,0.031277,0.031277,0.030959,0.031277,0.031277,0
10/3/11,0.031057,0.031057,0.030643,0.031057,0.031057,0
10/4/11,0.030708,0.030744,0.030403,0.030708,0.030708,0
10/5/11,0.030574,0.030821,0.030519,0.030574,0.030574,0
10/6/11,0.031147,0.031147,0.030685,0.031147,0.031147,0
10/7/11,0.031041,0.031264,0.031,0.031041,0.031041,0
10/10/11,0.031172,0.031776,0.031169,0.031172,0.031172,0
10/11/11,0.031701,0.031923,0.03156,0.031701,0.031701,0
10/12/11,0.031738,0.032244,0.031713,0.031738,0.031738,0
10/13/11,0.032232,0.032232,0.031933,0.032232,0.032232,0
10/14/11,0.032082,0.032478,0.032082,0.032082,0.032082,0
10/17/11,0.032394,0.03268,0.032316,0.032394,0.032394,0
10/18/11,0.032382,0.032382,0.031859,0.032382,0.032382,0
10/19/11,0.032365,0.032425,0.032161,0.032365,0.032365,0
10/20/11,0.032232,0.032232,0.031673,0.032232,0.032232,0
10/21/11,0.031835,0.032247,0.031822,0.031835,0.031835,0
10/24/11,0.032227,0.032821,0.032227,0.032227,0.032227,0
10/25/11,0.032792,0.032894,0.032656,0.032792,0.032792,0
10/26/11,0.032824,0.032844,0.032551,0.032824,0.032824,0
10/27/11,0.032649,0.03346,0.032649,0.032649,0.032649,0
10/28/11,0.033532,0.033719,0.033396,0.033532,0.033532,0
10/31/11,0.03369,0.03369,0.033049,0.03369,0.03369,0
11/1/11,0.032999,0.033232,0.032293,0.032999,0.032999,0
11/2/11,0.032486,0.032835,0.032486,0.032486,0.032486,0
11/3/11,0.03276,0.032889,0.03234,0.03276,0.03276,0
11/4/11,0.032922,0.033118,0.032547,0.032922,0.032922,0
11/7/11,0.032761,0.033063,0.032528,0.032761,0.032761,0
11/8/11,0.033003,0.033135,0.032717,0.033003,0.033003,0
11/9/11,0.033107,0.033275,0.032567,0.033107,0.033107,0
11/10/11,0.032632,0.032892,0.032379,0.032632,0.032632,0
11/11/11,0.032758,0.032995,0.032664,0.032758,0.032758,0
11/14/11,0.033264,0.033264,0.032726,0.033264,0.033264,0
11/15/11,0.032783,0.032783,0.032503,0.032783,0.032783,0
11/16/11,0.032697,0.032713,0.032387,0.032697,0.032697,0
11/17/11,0.032577,0.032615,0.032393,0.032577,0.032577,0
11/18/11,0.032359,0.03254,0.032308,0.032361,0.032361,0
11/21/11,0.032462,0.032462,0.032087,0.032462,0.032462,0
11/22/11,0.032175,0.032328,0.032118,0.032175,0.032175,0
11/23/11,0.032236,0.032252,0.031731,0.032246,0.032246,0
11/24/11,0.031856,0.031938,0.031742,0.031857,0.031857,0
11/25/11,0.031804,0.031828,0.031546,0.031804,0.031804,0
11/28/11,0.03177,0.03202,0.03177,0.03177,0.03177,0
11/29/11,0.031882,0.032058,0.031848,0.031883,0.031883,0
11/30/11,0.032477,0.032642,0.03182,0.032477,0.032477,0
12/1/11,0.032608,0.032614,0.032358,0.032601,0.032601,0
12/2/11,0.033047,0.033073,0.032367,0.033047,0.033047,0
12/5/11,0.032326,0.03244,0.032292,0.032326,0.032326,0
12/6/11,0.032299,0.032791,0.031951,0.032304,0.032304,0
12/7/11,0.032256,0.032375,0.031941,0.03226,0.03226,0
12/8/11,0.032386,0.032444,0.031834,0.032388,0.032388,0
12/9/11,0.032186,0.032228,0.031606,0.032188,0.032188,0
12/12/11,0.031831,0.031895,0.031605,0.031833,0.031833,0
12/13/11,0.031664,0.03172,0.031537,0.031663,0.031663,0
12/14/11,0.031647,0.031652,0.031336,0.031647,0.031647,0
12/15/11,0.031474,0.031497,0.03134,0.031471,0.031471,0
12/16/11,0.031573,0.031603,0.03123,0.031572,0.031572,0
12/19/11,0.031363,0.031364,0.03115,0.031364,0.031364,0
12/20/11,0.031168,0.031372,0.031095,0.031168,0.031168,0
12/21/11,0.03134,0.031778,0.03134,0.03134,0.03134,0
12/22/11,0.031609,0.031941,0.031506,0.031611,0.031611,0
12/23/11,0.031931,0.032213,0.031906,0.031931,0.031931,0
12/26/11,0.032328,0.032328,0.031962,0.032328,0.032328,0
12/27/11,0.032259,0.032284,0.031817,0.032219,0.032219,0
12/28/11,0.031888,0.031949,0.031491,0.031888,0.031888,0
12/29/11,0.031521,0.031526,0.030986,0.031521,0.031521,0
12/30/11,0.031284,0.031324,0.030974,0.031285,0.031285,0
1/2/12,0.031261,0.031261,0.030944,0.031261,0.031261,0
1/3/12,0.031261,0.031643,0.031062,0.031261,0.031261,0
1/4/12,0.031497,0.031698,0.031452,0.031497,0.031497,0
1/5/12,0.031495,0.031585,0.031206,0.031495,0.031495,0
1/6/12,0.031247,0.031429,0.031148,0.031247,0.031247,0
1/9/12,0.031325,0.031443,0.031314,0.031325,0.031325,0
1/10/12,0.031403,0.031749,0.031339,0.031403,0.031403,0
1/11/12,0.031696,0.031696,0.031453,0.031696,0.031696,0
1/12/12,0.031551,0.031736,0.031534,0.031551,0.031551,0
1/13/12,0.031784,0.031784,0.031303,0.031784,0.031784,0
1/16/12,0.031553,0.031593,0.031289,0.032027,0.032027,0
1/17/12,0.031677,0.031803,0.031591,0.031677,0.031677,0
1/18/12,0.031701,0.031776,0.031613,0.031701,0.031701,0
1/19/12,0.03189,0.031949,0.031719,0.03189,0.03189,0
1/20/12,0.031958,0.032032,0.031867,0.031958,0.031958,0
1/23/12,0.031988,0.03246,0.03187,0.031994,0.031994,0
1/24/12,0.032441,0.032504,0.032343,0.032441,0.032441,0
1/25/12,0.032515,0.032732,0.032496,0.032515,0.032515,0
1/26/12,0.032846,0.033154,0.032831,0.032846,0.032846,0
1/27/12,0.032989,0.033273,0.032896,0.032989,0.032989,0
1/30/12,0.033208,0.033208,0.032838,0.033208,0.033208,0
1/31/12,0.032949,0.033287,0.032864,0.032949,0.032949,0
2/1/12,0.032949,0.033314,0.032864,0.03328,0.03328,0
2/2/12,0.033195,0.033278,0.032953,0.033195,0.033195,0
2/3/12,0.033158,0.033196,0.033032,0.033158,0.033158,0
2/6/12,0.033142,0.033225,0.033018,0.033142,0.033142,0
2/7/12,0.033381,0.033649,0.033194,0.033381,0.033381,0
2/8/12,0.033625,0.033743,0.033568,0.033625,0.033625,0
2/9/12,0.033641,0.033731,0.033515,0.033641,0.033641,0
2/10/12,0.03366,0.03366,0.033219,0.03366,0.03366,0
2/13/12,0.033355,0.033538,0.033299,0.033353,0.033353,0
2/14/12,0.033443,0.033471,0.033209,0.033443,0.033443,0
2/15/12,0.033295,0.03344,0.033241,0.033296,0.033296,0
2/16/12,0.033247,0.033247,0.032954,0.033243,0.033243,0
2/17/12,0.033296,0.033523,0.033269,0.033295,0.033295,0
2/20/12,0.033473,0.033677,0.033458,0.033475,0.033475,0
2/21/12,0.033583,0.033646,0.033505,0.033583,0.033583,0
2/22/12,0.033638,0.033718,0.03356,0.033632,0.033632,0
2/23/12,0.033697,0.033828,0.033652,0.033695,0.033695,0
2/24/12,0.033864,0.034373,0.033756,0.033862,0.033862,0
2/27/12,0.034317,0.034552,0.034245,0.034317,0.034317,0
2/28/12,0.03449,0.034685,0.034344,0.034485,0.034485,0
2/29/12,0.034485,0.034598,0.034213,0.034485,0.034485,0
3/1/12,0.034259,0.03448,0.034038,0.03426,0.03426,0
3/2/12,0.034349,0.034353,0.034049,0.03434,0.03434,0
3/5/12,0.034095,0.034239,0.034032,0.034095,0.034095,0
3/6/12,0.034085,0.034112,0.033691,0.034088,0.034088,0
3/7/12,0.033747,0.033826,0.033586,0.033747,0.033747,0
3/8/12,0.033773,0.034061,0.033761,0.033774,0.033774,0
3/9/12,0.034082,0.034162,0.033973,0.034079,0.034079,0
3/12/12,0.033954,0.033954,0.03368,0.033958,0.033958,0
3/13/12,0.033781,0.033996,0.033739,0.033774,0.033774,0
3/14/12,0.033988,0.034048,0.033831,0.033984,0.033984,0
3/15/12,0.033824,0.034124,0.033753,0.03382,0.03382,0
3/16/12,0.033993,0.03425,0.03398,0.03399,0.03399,0
3/19/12,0.034233,0.034333,0.034179,0.034237,0.034237,0
3/20/12,0.034365,0.034378,0.034104,0.034365,0.034365,0
3/21/12,0.034205,0.034309,0.034113,0.034201,0.034201,0
3/22/12,0.034183,0.034233,0.033906,0.034186,0.034186,0
3/23/12,0.033975,0.034204,0.033958,0.033972,0.033972,0
3/26/12,0.034163,0.034562,0.034149,0.034164,0.034164,0
3/27/12,0.034543,0.034802,0.034444,0.034549,0.034549,0
3/28/12,0.034446,0.034573,0.034018,0.034445,0.034445,0
3/29/12,0.034062,0.034217,0.033865,0.034061,0.034061,0
3/30/12,0.034006,0.034151,0.033945,0.034003,0.034003,0
4/2/12,0.034088,0.034162,0.033893,0.034088,0.034088,0
4/3/12,0.03415,0.034327,0.034082,0.034149,0.034149,0
4/4/12,0.034161,0.034171,0.03388,0.034162,0.034162,0
4/5/12,0.033982,0.034093,0.033756,0.033982,0.033982,0
4/6/12,0.034038,0.034053,0.033802,0.034038,0.034038,0
4/9/12,0.033851,0.033871,0.033685,0.033849,0.033849,0
4/10/12,0.033789,0.033874,0.033544,0.033792,0.033792,0
4/11/12,0.033525,0.033812,0.033493,0.033526,0.033526,0
4/12/12,0.033772,0.033992,0.033722,0.033771,0.033771,0
4/13/12,0.034016,0.034047,0.03377,0.034012,0.034012,0
4/16/12,0.03375,0.033811,0.03358,0.03375,0.03375,0
4/17/12,0.0338,0.033953,0.033711,0.033797,0.033797,0
4/18/12,0.033914,0.03396,0.033806,0.033912,0.033912,0
4/19/12,0.033911,0.033931,0.033801,0.033913,0.033913,0
4/20/12,0.033925,0.033996,0.033826,0.033926,0.033926,0
4/23/12,0.033973,0.033974,0.03381,0.033984,0.033984,0
4/24/12,0.033933,0.03411,0.033867,0.033935,0.033935,0
4/25/12,0.034078,0.034186,0.033984,0.034079,0.034079,0
4/26/12,0.034085,0.034219,0.034065,0.034086,0.034086,0
4/27/12,0.034119,0.034157,0.03394,0.034118,0.034118,0
4/30/12,0.034164,0.034164,0.034015,0.034164,0.034164,0
5/1/12,0.034103,0.034265,0.034011,0.034038,0.034038,0
5/2/12,0.034103,0.034149,0.033932,0.034126,0.034126,0
5/3/12,0.033995,0.034103,0.033832,0.034103,0.034103,0
5/4/12,0.033876,0.034103,0.033542,0.033876,0.033876,0
5/7/12,0.033615,0.033615,0.03323,0.03361,0.03361,0
5/8/12,0.033372,0.033458,0.033163,0.033323,0.033323,0
5/9/12,0.033202,0.033218,0.032837,0.033198,0.033198,0
5/10/12,0.032955,0.033286,0.032927,0.032945,0.032945,0
5/11/12,0.033181,0.033251,0.033047,0.03318,0.03318,0
5/14/12,0.033184,0.033197,0.032885,0.03315,0.03315,0
5/15/12,0.032923,0.033034,0.032594,0.032923,0.032923,0
5/16/12,0.032607,0.032624,0.03218,0.032612,0.032612,0
5/17/12,0.03227,0.032386,0.032025,0.032239,0.032239,0
5/18/12,0.032202,0.032213,0.031791,0.03216,0.03216,0
5/21/12,0.032016,0.032252,0.031978,0.032015,0.032015,0
5/22/12,0.032179,0.032291,0.032025,0.032179,0.032179,0
5/23/12,0.03193,0.032046,0.031486,0.032013,0.032013,0
5/24/12,0.031534,0.031722,0.031425,0.031606,0.031606,0
5/25/12,0.031493,0.031585,0.031217,0.031493,0.031493,0
5/28/12,0.031202,0.031461,0.031163,0.031202,0.031202,0
5/29/12,0.031179,0.031344,0.030953,0.031181,0.031181,0
5/30/12,0.031255,0.031255,0.030491,0.030993,0.030993,0
5/31/12,0.030488,0.030534,0.029771,0.030519,0.030519,0
6/1/12,0.029953,0.030023,0.02939,0.030017,0.030017,0
6/4/12,0.029721,0.029987,0.029319,0.029741,0.029741,0
6/5/12,0.029897,0.030346,0.029745,0.029905,0.029905,0
6/6/12,0.030249,0.030882,0.030157,0.030249,0.030249,0
6/7/12,0.031004,0.03122,0.030846,0.030941,0.030941,0
6/8/12,0.030851,0.030989,0.030383,0.030849,0.030849,0
6/11/12,0.03121,0.031341,0.030501,0.03121,0.03121,0
6/12/12,0.0307,0.0307,0.030304,0.030552,0.030552,0
6/13/12,0.030422,0.030873,0.030284,0.030423,0.030423,0
6/14/12,0.03081,0.030851,0.030606,0.030798,0.030798,0
6/15/12,0.030885,0.030954,0.030737,0.030772,0.030772,0
6/18/12,0.030933,0.031239,0.030669,0.030933,0.030933,0
6/19/12,0.030874,0.030939,0.030437,0.030889,0.030889,0
6/20/12,0.030919,0.030981,0.030698,0.030957,0.030957,0
6/21/12,0.030714,0.030719,0.030166,0.03072,0.03072,0
6/22/12,0.030051,0.030247,0.029763,0.030149,0.030149,0
6/25/12,0.030218,0.030259,0.029998,0.030218,0.030218,0
6/26/12,0.030162,0.030473,0.030055,0.030148,0.030148,0
6/27/12,0.030472,0.03055,0.03031,0.030474,0.030474,0
6/28/12,0.030382,0.030487,0.030156,0.030351,0.030351,0
6/29/12,0.03023,0.030885,0.03018,0.030188,0.030188,0
7/2/12,0.03098,0.031009,0.030608,0.03098,0.03098,0
7/3/12,0.030715,0.031168,0.030689,0.030694,0.030694,0
7/4/12,0.031203,0.031203,0.030895,0.031053,0.031053,0
7/5/12,0.030923,0.030966,0.030605,0.030952,0.030952,0
7/6/12,0.030756,0.030783,0.030452,0.030694,0.030694,0
7/9/12,0.030429,0.030518,0.03023,0.030349,0.030349,0
7/10/12,0.0305,0.030582,0.030302,0.0305,0.0305,0
7/11/12,0.030365,0.030634,0.030363,0.030422,0.030422,0
7/12/12,0.030595,0.030661,0.030479,0.030615,0.030615,0
7/13/12,0.030544,0.030708,0.030522,0.030546,0.030546,0
7/16/12,0.030747,0.030752,0.030561,0.030747,0.030747,0
7/17/12,0.030758,0.030937,0.030648,0.030777,0.030777,0
7/18/12,0.030929,0.031034,0.030804,0.030929,0.030929,0
7/19/12,0.031023,0.031369,0.031003,0.031047,0.031047,0
7/20/12,0.031428,0.031444,0.031187,0.031427,0.031427,0
7/23/12,0.031235,0.031245,0.030464,0.031217,0.031217,0
7/24/12,0.030643,0.030709,0.03036,0.030659,0.030659,0
7/25/12,0.030357,0.030696,0.030263,0.03038,0.03038,0
7/26/12,0.030593,0.031013,0.030575,0.030626,0.030626,0
7/27/12,0.030925,0.031214,0.030898,0.030979,0.030979,0
7/30/12,0.031224,0.031224,0.03099,0.031224,0.031224,0
7/31/12,0.031096,0.031176,0.030981,0.031096,0.031096,0
8/1/12,0.031056,0.031104,0.030887,0.031057,0.031057,0
8/2/12,0.030864,0.031089,0.030644,0.030864,0.030864,0
8/3/12,0.030648,0.031335,0.030646,0.030648,0.030648,0
8/6/12,0.031294,0.031742,0.031196,0.031231,0.031231,0
8/7/12,0.031671,0.031777,0.031566,0.031671,0.031671,0
8/8/12,0.031714,0.031765,0.031412,0.031713,0.031713,0
8/9/12,0.031757,0.031828,0.031429,0.03174,0.03174,0
8/10/12,0.031577,0.031586,0.031264,0.031577,0.031577,0
8/13/12,0.031446,0.031588,0.031333,0.031446,0.031446,0
8/14/12,0.031415,0.031559,0.031376,0.031414,0.031414,0
8/15/12,0.031432,0.031446,0.031303,0.031432,0.031432,0
8/16/12,0.031437,0.031474,0.031306,0.031461,0.031461,0
8/17/12,0.031466,0.031507,0.031142,0.031466,0.031466,0
8/20/12,0.031263,0.031329,0.031134,0.031263,0.031263,0
8/21/12,0.031267,0.03157,0.031189,0.031267,0.031267,0
8/22/12,0.031499,0.031521,0.031329,0.031498,0.031498,0
8/23/12,0.031546,0.031652,0.031489,0.03162,0.03162,0
8/24/12,0.031549,0.031561,0.031363,0.031496,0.031496,0
8/27/12,0.031453,0.031544,0.031348,0.031479,0.031479,0
8/28/12,0.031389,0.031393,0.031157,0.03139,0.03139,0
8/29/12,0.031275,0.031335,0.031053,0.031282,0.031282,0
8/30/12,0.031085,0.031188,0.030688,0.031058,0.031058,0
8/31/12,0.030735,0.031039,0.030667,0.030734,0.030734,0
9/3/12,0.031019,0.031037,0.030819,0.030983,0.030983,0
9/4/12,0.030993,0.031166,0.030902,0.030993,0.030993,0
9/5/12,0.030926,0.031032,0.030768,0.030948,0.030948,0
9/6/12,0.031019,0.031351,0.030959,0.031019,0.031019,0
9/7/12,0.031311,0.03161,0.031207,0.031311,0.031311,0
9/10/12,0.031549,0.031643,0.031484,0.031594,0.031594,0
9/11/12,0.031563,0.031805,0.031363,0.031598,0.031598,0
9/12/12,0.031755,0.032014,0.0316,0.031786,0.031786,0
9/13/12,0.031818,0.032012,0.031704,0.031827,0.031827,0
9/14/12,0.032196,0.03293,0.032186,0.032217,0.032217,0
9/17/12,0.032791,0.032831,0.032495,0.032791,0.032791,0
9/18/12,0.032637,0.032649,0.032206,0.032637,0.032637,0
9/19/12,0.032293,0.032507,0.031992,0.032375,0.032375,0
9/20/12,0.032106,0.032175,0.031583,0.032106,0.032106,0
9/21/12,0.03215,0.032377,0.031917,0.03215,0.03215,0
9/24/12,0.032253,0.032254,0.031916,0.032219,0.032219,0
9/25/12,0.032137,0.032353,0.032043,0.032159,0.032159,0
9/26/12,0.032079,0.032168,0.031863,0.032079,0.032079,0
9/27/12,0.031952,0.032239,0.031927,0.031958,0.031958,0
9/28/12,0.032307,0.032425,0.031884,0.032363,0.032363,0
10/1/12,0.032028,0.032284,0.031907,0.032076,0.032076,0
10/2/12,0.032086,0.032247,0.031991,0.032087,0.032087,0
10/3/12,0.032103,0.032185,0.031964,0.032133,0.032133,0
10/4/12,0.032084,0.03231,0.031991,0.032119,0.032119,0
10/5/12,0.032306,0.032452,0.032138,0.032355,0.032355,0
10/8/12,0.032252,0.032289,0.031957,0.032251,0.032251,0
10/9/12,0.03216,0.032285,0.031881,0.032092,0.032092,0
10/10/12,0.032112,0.032197,0.031893,0.032121,0.032121,0
10/11/12,0.032139,0.032293,0.032034,0.032135,0.032135,0
10/12/12,0.032223,0.03233,0.032029,0.032291,0.032291,0
10/15/12,0.032195,0.032308,0.031985,0.032148,0.032148,0
10/16/12,0.032296,0.032441,0.032267,0.032295,0.032295,0
10/17/12,0.032497,0.032631,0.032405,0.032475,0.032475,0
10/18/12,0.032538,0.032591,0.032387,0.032536,0.032536,0
10/19/12,0.03251,0.032554,0.032253,0.032516,0.032516,0
10/22/12,0.032367,0.032491,0.032132,0.032409,0.032409,0
10/23/12,0.032175,0.032263,0.03174,0.03218,0.03218,0
10/24/12,0.031892,0.032015,0.031794,0.031852,0.031852,0
10/25/12,0.031837,0.032086,0.03182,0.031847,0.031847,0
10/26/12,0.03192,0.031985,0.031586,0.031941,0.031941,0
10/29/12,0.031899,0.031911,0.031634,0.031902,0.031902,0
10/30/12,0.031807,0.031934,0.031679,0.03177,0.03177,0
10/31/12,0.031873,0.03203,0.031727,0.03191,0.03191,0
11/1/12,0.031969,0.032016,0.031711,0.031969,0.031969,0
11/2/12,0.032016,0.032036,0.031769,0.032007,0.032007,0
11/5/12,0.031791,0.031872,0.031502,0.031771,0.031771,0
11/6/12,0.031678,0.031845,0.031645,0.031688,0.031688,0
11/7/12,0.031907,0.032036,0.031742,0.031881,0.031881,0
11/8/12,0.031718,0.031831,0.031651,0.031711,0.031711,0
11/9/12,0.031764,0.031841,0.031548,0.031793,0.031793,0
11/12/12,0.031708,0.031828,0.031606,0.031716,0.031716,0
11/13/12,0.031585,0.031661,0.031412,0.031585,0.031585,0
11/14/12,0.031553,0.031667,0.031499,0.031528,0.031528,0
11/15/12,0.031595,0.031631,0.031525,0.031596,0.031596,0
11/16/12,0.031615,0.031664,0.031465,0.031629,0.031629,0
11/19/12,0.03163,0.031828,0.031559,0.03163,0.03163,0
11/20/12,0.031837,0.031987,0.031786,0.031868,0.031868,0
11/21/12,0.031956,0.032112,0.031797,0.031959,0.031959,0
11/22/12,0.032147,0.032181,0.032064,0.032169,0.032169,0
11/23/12,0.032101,0.032253,0.032063,0.032113,0.032113,0
11/26/12,0.032187,0.032326,0.032181,0.032257,0.032257,0
11/27/12,0.032269,0.032391,0.032155,0.032285,0.032285,0
11/28/12,0.032193,0.032306,0.032065,0.032197,0.032197,0
11/29/12,0.032208,0.032481,0.032171,0.032217,0.032217,0
11/30/12,0.032537,0.03255,0.032299,0.032399,0.032399,0
12/3/12,0.03242,0.032516,0.032241,0.032422,0.032422,0
12/4/12,0.032456,0.03248,0.032237,0.032397,0.032397,0
12/5/12,0.032446,0.032583,0.032428,0.032466,0.032466,0
12/6/12,0.032525,0.032567,0.032313,0.032506,0.032506,0
12/7/12,0.032362,0.032471,0.032262,0.032361,0.032361,0
12/10/12,0.032431,0.032583,0.03226,0.03245,0.03245,0
12/11/12,0.032523,0.032688,0.032491,0.032509,0.032509,0
12/12/12,0.032598,0.03275,0.032508,0.032598,0.032598,0
12/13/12,0.032778,0.032814,0.032571,0.032743,0.032743,0
12/14/12,0.032537,0.032679,0.032439,0.032558,0.032558,0
12/17/12,0.032599,0.032675,0.032231,0.032598,0.032598,0
12/18/12,0.032298,0.032476,0.032234,0.032298,0.032298,0
12/19/12,0.032547,0.032679,0.032485,0.032555,0.032555,0
12/20/12,0.032515,0.032665,0.032433,0.032571,0.032571,0
12/21/12,0.032644,0.03267,0.032424,0.032608,0.032608,0
12/24/12,0.032453,0.032739,0.03241,0.03246,0.03246,0
12/25/12,0.032689,0.032728,0.032569,0.032688,0.032688,0
12/26/12,0.032648,0.032802,0.03257,0.032659,0.032659,0
12/27/12,0.032823,0.033086,0.032701,0.032853,0.032853,0
12/28/12,0.033075,0.033093,0.032785,0.033024,0.033024,0
12/31/12,0.032969,0.032976,0.03266,0.032851,0.032851,0
1/1/13,0.032785,0.032785,0.032646,0.032785,0.032785,0
1/2/13,0.032942,0.033231,0.032689,0.032963,0.032963,0
1/3/13,0.03316,0.033232,0.032934,0.03316,0.03316,0
1/4/13,0.033025,0.0331,0.032711,0.033035,0.033035,0
1/7/13,0.033019,0.033105,0.032806,0.033019,0.033019,0
1/8/13,0.033026,0.033122,0.032903,0.032939,0.032939,0
1/9/13,0.033001,0.033054,0.032809,0.033031,0.033031,0
1/10/13,0.032919,0.033116,0.032886,0.032956,0.032956,0
1/11/13,0.03319,0.033265,0.032949,0.03319,0.03319,0
1/14/13,0.033042,0.03316,0.032976,0.033042,0.033042,0
1/15/13,0.033078,0.033206,0.033014,0.033171,0.033171,0
1/16/13,0.032974,0.033072,0.032866,0.033008,0.033008,0
1/17/13,0.032984,0.033102,0.032926,0.033003,0.033003,0
1/18/13,0.033154,0.033188,0.032988,0.033156,0.033156,0
1/21/13,0.033069,0.033148,0.033003,0.033069,0.033069,0
1/22/13,0.033126,0.033221,0.03304,0.033052,0.033052,0
1/23/13,0.033089,0.033207,0.033056,0.033095,0.033095,0
1/24/13,0.033172,0.033289,0.033118,0.03316,0.03316,0
1/25/13,0.033276,0.033379,0.03324,0.033345,0.033345,0
1/28/13,0.033348,0.03338,0.033137,0.033348,0.033348,0
1/29/13,0.033205,0.033296,0.033136,0.033205,0.033205,0
1/30/13,0.033288,0.033382,0.033272,0.03333,0.03333,0
1/31/13,0.033313,0.03342,0.033236,0.033298,0.033298,0
2/1/13,0.033354,0.03362,0.033293,0.03333,0.03333,0
2/4/13,0.033496,0.033529,0.033323,0.033464,0.033464,0
2/5/13,0.033386,0.033394,0.033163,0.033262,0.033262,0
2/6/13,0.033442,0.033454,0.033236,0.033442,0.033442,0
2/7/13,0.033276,0.033368,0.033072,0.033276,0.033276,0
2/8/13,0.033159,0.033269,0.033061,0.033159,0.033159,0
2/11/13,0.033141,0.033373,0.033106,0.033172,0.033172,0
2/12/13,0.033206,0.033313,0.033132,0.033237,0.033237,0
2/13/13,0.03334,0.033364,0.03325,0.03334,0.03334,0
2/14/13,0.033293,0.033347,0.033163,0.033293,0.033293,0
2/15/13,0.033282,0.033306,0.033153,0.033282,0.033282,0
2/18/13,0.03322,0.03332,0.033174,0.033227,0.033227,0
2/19/13,0.033215,0.033274,0.033176,0.033215,0.033215,0
2/20/13,0.033288,0.033356,0.033228,0.033288,0.033288,0
2/21/13,0.033071,0.033173,0.03288,0.033106,0.033106,0
2/22/13,0.032836,0.033014,0.03282,0.032899,0.032899,0
2/25/13,0.03298,0.033095,0.032912,0.032977,0.032977,0
2/26/13,0.032735,0.032835,0.032614,0.032734,0.032734,0
2/27/13,0.032698,0.03277,0.032636,0.032699,0.032699,0
2/28/13,0.032849,0.03289,0.032661,0.032849,0.032849,0
3/1/13,0.032673,0.032738,0.032504,0.032634,0.032634,0
3/4/13,0.032646,0.03265,0.032459,0.032646,0.032646,0
3/5/13,0.03254,0.032665,0.032529,0.032541,0.032541,0
3/6/13,0.032689,0.032758,0.032522,0.03271,0.03271,0
3/7/13,0.032524,0.032639,0.032473,0.032557,0.032557,0
3/8/13,0.032593,0.032659,0.032466,0.032592,0.032592,0
3/11/13,0.032527,0.032573,0.032474,0.032512,0.032512,0
3/12/13,0.032592,0.032656,0.032491,0.032592,0.032592,0
3/13/13,0.032581,0.032692,0.032478,0.032576,0.032576,0
3/14/13,0.032484,0.032551,0.032458,0.032494,0.032494,0
3/15/13,0.032586,0.032686,0.032519,0.032549,0.032549,0
3/18/13,0.032396,0.032672,0.032365,0.032394,0.032394,0
3/19/13,0.032517,0.032555,0.032351,0.032454,0.032454,0
3/20/13,0.032306,0.032446,0.032257,0.032306,0.032306,0
3/21/13,0.032401,0.032484,0.0323,0.032481,0.032481,0
3/22/13,0.032328,0.032452,0.032297,0.032328,0.032328,0
3/25/13,0.032771,0.032771,0.032353,0.032545,0.032545,0
3/26/13,0.032344,0.032463,0.032332,0.032346,0.032346,0
3/27/13,0.032409,0.032475,0.032193,0.032412,0.032412,0
3/28/13,0.032226,0.032333,0.032156,0.0322,0.0322,0
3/29/13,0.032203,0.032295,0.032146,0.032203,0.032203,0
4/1/13,0.032248,0.032285,0.032118,0.032248,0.032248,0
4/2/13,0.032196,0.032273,0.031937,0.032237,0.032237,0
4/3/13,0.031925,0.032003,0.031636,0.031981,0.031981,0
4/4/13,0.031646,0.031759,0.031499,0.031627,0.031627,0
4/5/13,0.031655,0.031763,0.031561,0.031703,0.031703,0
4/8/13,0.031649,0.032035,0.031593,0.031649,0.031649,0
4/9/13,0.032126,0.032209,0.031981,0.032062,0.032062,0
4/10/13,0.032256,0.03247,0.032193,0.032256,0.032256,0
4/11/13,0.032372,0.032506,0.032326,0.032433,0.032433,0
4/12/13,0.032467,0.032477,0.032158,0.032467,0.032467,0
4/15/13,0.032214,0.032239,0.031795,0.03221,0.03221,0
4/16/13,0.031802,0.031965,0.031738,0.031802,0.031802,0
4/17/13,0.032019,0.032079,0.031452,0.032018,0.032018,0
4/18/13,0.031416,0.03173,0.031368,0.031416,0.031416,0
4/19/13,0.031753,0.03186,0.031622,0.031753,0.031753,0
4/22/13,0.031634,0.031731,0.031558,0.031629,0.031629,0
4/23/13,0.031746,0.031748,0.03146,0.031746,0.031746,0
4/24/13,0.031629,0.031819,0.031624,0.031629,0.031629,0
4/25/13,0.03184,0.03218,0.031817,0.031829,0.031829,0
4/26/13,0.03213,0.032209,0.031916,0.032129,0.032129,0
4/29/13,0.032063,0.032378,0.031947,0.032064,0.032064,0
4/30/13,0.032329,0.0324,0.032125,0.032331,0.032331,0
5/1/13,0.032257,0.032279,0.031899,0.032258,0.032258,0
5/2/13,0.031962,0.032095,0.031862,0.031962,0.031962,0
5/3/13,0.032132,0.032308,0.032085,0.032121,0.032121,0
5/6/13,0.032199,0.032292,0.032141,0.032199,0.032199,0
5/7/13,0.032286,0.032357,0.032163,0.032286,0.032286,0
5/8/13,0.032196,0.032263,0.032086,0.032196,0.032196,0
5/9/13,0.032162,0.032214,0.032066,0.032163,0.032163,0
5/10/13,0.032113,0.032129,0.031778,0.032116,0.032116,0
5/13/13,0.031869,0.031972,0.031795,0.031882,0.031882,0
5/14/13,0.031941,0.032039,0.031871,0.031989,0.031989,0
5/15/13,0.031885,0.031955,0.031721,0.031948,0.031948,0
5/16/13,0.031813,0.031997,0.031763,0.031803,0.031803,0
5/17/13,0.031909,0.031926,0.031791,0.031909,0.031909,0
5/20/13,0.03184,0.032038,0.031782,0.03184,0.03184,0
5/21/13,0.032019,0.032111,0.031947,0.03202,0.03202,0
5/22/13,0.03204,0.032208,0.031802,0.032039,0.032039,0
5/23/13,0.031901,0.031948,0.031732,0.031901,0.031901,0
5/24/13,0.031889,0.031997,0.031795,0.031889,0.031889,0
5/27/13,0.031995,0.032103,0.031884,0.032057,0.032057,0
5/28/13,0.031924,0.031953,0.031758,0.031914,0.031914,0
5/29/13,0.031763,0.031856,0.031654,0.031763,0.031763,0
5/30/13,0.031651,0.031719,0.031476,0.031651,0.031651,0
5/31/13,0.031589,0.03159,0.031258,0.031589,0.031589,0
6/3/13,0.031347,0.031416,0.03113,0.03135,0.03135,0
6/4/13,0.031458,0.031475,0.031281,0.031471,0.031471,0
6/5/13,0.031334,0.031399,0.031081,0.031349,0.031349,0
6/6/13,0.031144,0.031228,0.030957,0.031093,0.031093,0
6/7/13,0.03114,0.031282,0.030864,0.03114,0.03114,0
6/10/13,0.03114,0.031282,0.030864,0.03114,0.03114,0
6/11/13,0.031011,0.031018,0.030763,0.031011,0.031011,0
6/12/13,0.03089,0.031131,0.030877,0.03089,0.03089,0
6/13/13,0.03111,0.031311,0.030899,0.03111,0.03111,0
6/14/13,0.031351,0.031631,0.031271,0.031351,0.031351,0
6/17/13,0.031544,0.031757,0.031464,0.031544,0.031544,0
6/18/13,0.031521,0.031521,0.031169,0.031522,0.031522,0
6/19/13,0.031286,0.031309,0.030971,0.031286,0.031286,0
6/20/13,0.030831,0.030863,0.030385,0.030831,0.030831,0
6/21/13,0.030423,0.030658,0.030359,0.030423,0.030423,0
6/24/13,0.030534,0.030534,0.030318,0.030534,0.030534,0
6/25/13,0.030562,0.030646,0.030369,0.030562,0.030562,0
6/26/13,0.030569,0.030685,0.030295,0.030569,0.030569,0
6/27/13,0.030358,0.030573,0.030354,0.030358,0.030358,0
6/28/13,0.030496,0.030669,0.030376,0.030496,0.030496,0
7/1/13,0.030478,0.03075,0.03029,0.030478,0.030478,0
7/2/13,0.030335,0.030412,0.03021,0.030335,0.030335,0
7/3/13,0.030155,0.030236,0.030034,0.030155,0.030155,0
7/4/13,0.030172,0.030227,0.030061,0.030172,0.030172,0
7/5/13,0.030198,0.030255,0.029988,0.030198,0.030198,0
7/8/13,0.030036,0.030099,0.029997,0.030036,0.030036,0
7/9/13,0.030138,0.030377,0.030131,0.030138,0.030138,0
7/10/13,0.030322,0.030463,0.030287,0.030322,0.030322,0
7/11/13,0.030709,0.030803,0.030389,0.030734,0.030734,0
7/12/13,0.030714,0.030859,0.030513,0.030714,0.030714,0
7/15/13,0.030744,0.030751,0.030577,0.030754,0.030754,0
7/16/13,0.030715,0.030865,0.030687,0.030715,0.030715,0
7/17/13,0.030861,0.030955,0.030786,0.030861,0.030861,0
7/18/13,0.030988,0.031038,0.030828,0.030963,0.030963,0
7/19/13,0.030822,0.030926,0.030803,0.030822,0.030822,0
7/22/13,0.030913,0.031051,0.030883,0.030913,0.030913,0
7/23/13,0.03096,0.031019,0.030854,0.030946,0.030946,0
7/24/13,0.031053,0.031053,0.030828,0.031053,0.031053,0
7/25/13,0.030848,0.030863,0.030632,0.030848,0.030848,0
7/26/13,0.030675,0.030795,0.030442,0.030675,0.030675,0
7/29/13,0.030539,0.03095,0.030417,0.030539,0.030539,0
7/30/13,0.030465,0.030524,0.030324,0.030465,0.030465,0
7/31/13,0.030373,0.030405,0.030248,0.030373,0.030373,0
8/1/13,0.030374,0.030441,0.030215,0.030374,0.030374,0
8/2/13,0.030273,0.030536,0.030207,0.030273,0.030273,0
8/5/13,0.030477,0.030496,0.030381,0.030477,0.030477,0
8/6/13,0.030435,0.030475,0.030335,0.030435,0.030435,0
8/7/13,0.030346,0.030352,0.03022,0.030346,0.030346,0
8/8/13,0.030365,0.030494,0.030308,0.030365,0.030365,0
8/9/13,0.030473,0.030574,0.030394,0.030473,0.030473,0
8/12/13,0.030445,0.030488,0.030295,0.030445,0.030445,0
8/13/13,0.03031,0.030372,0.030187,0.03031,0.03031,0
8/14/13,0.030267,0.030321,0.030145,0.030267,0.030267,0
8/15/13,0.030277,0.030436,0.030236,0.030277,0.030277,0
8/16/13,0.030404,0.030496,0.030325,0.030404,0.030404,0
8/19/13,0.030428,0.030432,0.030333,0.030428,0.030428,0
8/20/13,0.030345,0.030389,0.030291,0.030345,0.030345,0
8/21/13,0.030382,0.030426,0.030227,0.030382,0.030382,0
8/22/13,0.030194,0.030281,0.030105,0.030194,0.030194,0
8/23/13,0.030275,0.030348,0.030245,0.030275,0.030275,0
8/26/13,0.030294,0.030383,0.030288,0.030294,0.030294,0
8/27/13,0.030254,0.030489,0.030083,0.030254,0.030254,0
8/28/13,0.030348,0.030348,0.030066,0.030348,0.030348,0
8/29/13,0.03017,0.0302,0.030084,0.030184,0.030184,0
8/30/13,0.030122,0.030147,0.030026,0.030117,0.030117,0
9/2/13,0.030063,0.030112,0.02996,0.030074,0.030074,0
9/3/13,0.02998,0.030029,0.029833,0.02998,0.02998,0
9/4/13,0.029852,0.030032,0.029852,0.029852,0.029852,0
9/5/13,0.03005,0.030062,0.029884,0.03005,0.03005,0
9/6/13,0.029928,0.030084,0.0299,0.029928,0.029928,0
9/9/13,0.030033,0.030235,0.029988,0.030068,0.030068,0
9/10/13,0.030178,0.030387,0.030178,0.030178,0.030178,0
9/11/13,0.030367,0.030561,0.030322,0.030367,0.030367,0
9/12/13,0.030552,0.030685,0.030499,0.030552,0.030552,0
9/13/13,0.030651,0.030823,0.030532,0.030651,0.030651,0
9/16/13,0.030916,0.031078,0.03089,0.030916,0.030916,0
9/17/13,0.030975,0.031058,0.030887,0.030975,0.030975,0
9/18/13,0.031069,0.031117,0.030953,0.031069,0.031069,0
9/19/13,0.031474,0.031741,0.031446,0.031474,0.031474,0
9/20/13,0.031605,0.031667,0.031345,0.031605,0.031605,0
9/23/13,0.031409,0.031494,0.031283,0.031409,0.031409,0
9/24/13,0.031457,0.031493,0.031308,0.031457,0.031457,0
9/25/13,0.031369,0.031404,0.031125,0.031405,0.031405,0
9/26/13,0.031174,0.031204,0.03092,0.031174,0.031174,0
9/27/13,0.030973,0.031088,0.030798,0.03098,0.03098,0
9/30/13,0.030919,0.030945,0.030763,0.030919,0.030919,0
10/1/13,0.030862,0.03107,0.030862,0.030862,0.030862,0
10/2/13,0.031027,0.031202,0.030938,0.031027,0.031027,0
10/3/13,0.031156,0.031242,0.031064,0.031156,0.031156,0
10/4/13,0.031111,0.031234,0.031066,0.031111,0.031111,0
10/7/13,0.031103,0.031108,0.030943,0.031103,0.031103,0
10/8/13,null,null,null,null,null,null
10/9/13,0.030899,0.030957,0.030863,0.030899,0.030899,0
10/10/13,0.030971,0.031112,0.030757,0.030971,0.030971,0
10/11/13,0.031075,0.031121,0.030968,0.031076,0.031076,0
10/14/13,0.031026,0.031127,0.030952,0.031095,0.031095,0
10/15/13,0.031021,0.031057,0.030954,0.031021,0.031021,0
10/16/13,0.031075,0.031167,0.030977,0.031107,0.031107,0
10/17/13,0.031164,0.031358,0.031144,0.031164,0.031164,0
10/18/13,0.031403,0.031456,0.031345,0.031403,0.031403,0
10/21/13,0.031429,0.031448,0.031304,0.031429,0.031429,0
10/22/13,0.031301,0.031599,0.031289,0.031301,0.031301,0
10/23/13,0.031585,0.031644,0.031451,0.031585,0.031585,0
10/24/13,0.031525,0.031658,0.03151,0.031525,0.031525,0
10/25/13,0.031578,0.031636,0.031424,0.031578,0.031578,0
10/28/13,0.031481,0.031516,0.031334,0.031465,0.031465,0
10/29/13,0.031369,0.031409,0.031175,0.031393,0.031393,0
10/30/13,0.031174,0.031317,0.031153,0.031182,0.031182,0
10/31/13,0.031293,0.031311,0.03112,0.031293,0.031293,0
11/1/13,0.03121,0.03124,0.030872,0.03121,0.03121,0
11/4/13,0.030922,0.031004,0.030825,0.030922,0.030922,0
11/5/13,0.030919,0.030949,0.030693,0.030919,0.030919,0
11/6/13,0.0308,0.030942,0.030735,0.0308,0.0308,0
11/7/13,0.030903,0.03099,0.030832,0.030903,0.030903,0
11/8/13,0.030871,0.030886,0.030543,0.030871,0.030871,0
11/11/13,0.03066,0.030703,0.030526,0.03066,0.03066,0
11/12/13,0.030473,0.030528,0.030365,0.030475,0.030475,0
11/13/13,0.03042,0.030527,0.030374,0.03042,0.03042,0
11/14/13,0.030553,0.030659,0.030529,0.030553,0.030553,0
11/15/13,0.030568,0.030737,0.030567,0.030568,0.030568,0
11/18/13,0.030722,0.030808,0.030702,0.030729,0.030729,0
11/19/13,0.03074,0.030748,0.030535,0.030755,0.030755,0
11/20/13,0.030602,0.030608,0.030381,0.030615,0.030615,0
11/21/13,0.030416,0.030715,0.030249,0.030422,0.030422,0
11/22/13,0.030312,0.03056,0.030312,0.03032,0.03032,0
11/25/13,0.030558,0.03056,0.030273,0.030759,0.030759,0
11/26/13,0.030384,0.030411,0.030271,0.030399,0.030399,0
11/27/13,0.03038,0.030432,0.030155,0.030391,0.030391,0
11/28/13,0.030164,0.030214,0.030109,0.030164,0.030164,0
11/29/13,0.030194,0.030233,0.030095,0.030194,0.030194,0
12/2/13,0.0302,0.03022,0.030094,0.03017,0.03017,0
12/3/13,0.030112,0.030119,0.030049,0.030116,0.030116,0
12/4/13,0.030062,0.030201,0.030053,0.030067,0.030067,0
12/5/13,0.030164,0.030354,0.030164,0.03018,0.03018,0
12/6/13,0.03037,0.030591,0.030257,0.030375,0.030375,0
12/9/13,0.030582,0.030616,0.030481,0.030533,0.030533,0
12/10/13,0.030582,0.03066,0.030473,0.030582,0.030582,0
12/11/13,0.030605,0.030605,0.030511,0.03061,0.03061,0
12/12/13,0.030542,0.030582,0.030494,0.03055,0.03055,0
12/13/13,0.030501,0.030501,0.03041,0.030507,0.030507,0
12/16/13,0.03051,0.03051,0.030355,0.030423,0.030423,0
12/17/13,0.030451,0.030468,0.03033,0.030453,0.030453,0
12/18/13,0.030341,0.030448,0.030334,0.030331,0.030331,0
12/19/13,0.030484,0.030486,0.030314,0.030484,0.030484,0
12/20/13,0.030353,0.030355,0.030282,0.030367,0.030367,0
12/23/13,0.030336,0.030642,0.030315,0.030324,0.030324,0
12/24/13,0.030656,0.030735,0.030589,0.030656,0.030656,0
12/25/13,0.030747,0.030752,0.030555,0.030779,0.030779,0
12/26/13,0.030639,0.03075,0.030568,0.030656,0.030656,0
12/27/13,0.03063,0.030791,0.030613,0.030643,0.030643,0
12/30/13,0.030733,0.030733,0.030447,0.030693,0.030693,0
12/31/13,0.030566,0.030566,0.030352,0.030597,0.030597,0
1/1/14,0.030566,0.030617,0.030352,0.030597,0.030597,0
1/2/14,0.03053,0.030531,0.03018,0.030575,0.030575,0
1/3/14,0.030213,0.030296,0.030141,0.030216,0.030216,0
1/6/14,0.030155,0.030175,0.030045,0.030152,0.030152,0
1/7/14,0.03016,0.030214,0.030071,0.030172,0.030172,0
1/8/14,0.030197,0.030263,0.030162,0.030209,0.030209,0
1/9/14,0.030215,0.030256,0.030078,0.030223,0.030223,0
1/10/14,0.030153,0.030277,0.030037,0.030168,0.030168,0
1/13/14,0.0303,0.0303,0.030046,0.030315,0.030315,0
1/14/14,0.030077,0.030123,0.02997,0.030085,0.030085,0
1/15/14,0.030033,0.030033,0.0299,0.030039,0.030039,0
1/16/14,0.029936,0.029999,0.029905,0.029941,0.029941,0
1/17/14,0.02994,0.029964,0.02977,0.02995,0.02995,0
1/20/14,0.029801,0.029806,0.029579,0.029755,0.029755,0
1/21/14,0.029619,0.029631,0.029426,0.029634,0.029634,0
1/22/14,0.029444,0.029573,0.029433,0.029451,0.029451,0
1/23/14,0.029477,0.029492,0.02926,0.029479,0.029479,0
1/24/14,0.029344,0.029344,0.028898,0.029355,0.029355,0
1/27/14,0.028978,0.02904,0.028695,0.028982,0.028982,0
1/28/14,0.028889,0.029037,0.028762,0.028889,0.028889,0
1/29/14,0.028959,0.029029,0.028353,0.028912,0.028912,0
1/30/14,0.02852,0.028731,0.02823,0.02857,0.02857,0
1/31/14,0.028651,0.028651,0.028299,0.028651,0.028651,0
2/3/14,0.028473,0.0285,0.028298,0.028449,0.028449,0
2/4/14,0.028255,0.028547,0.028138,0.028255,0.028255,0
2/5/14,0.028588,0.028853,0.028506,0.028602,0.028602,0
2/6/14,0.028698,0.028904,0.028658,0.028698,0.028698,0
2/7/14,0.028849,0.028955,0.028743,0.02885,0.02885,0
2/10/14,0.028831,0.028852,0.028701,0.028812,0.028812,0
2/11/14,0.028792,0.028839,0.028673,0.028795,0.028795,0
2/12/14,0.028798,0.028812,0.028712,0.028798,0.028798,0
2/13/14,0.028731,0.028753,0.028365,0.028738,0.028738,0
2/14/14,0.028502,0.028605,0.028276,0.028507,0.028507,0
2/17/14,0.028495,0.028567,0.028346,0.028504,0.028504,0
2/18/14,0.028413,0.028436,0.0282,0.028413,0.028413,0
2/19/14,0.028233,0.028233,0.027896,0.028234,0.028234,0
2/20/14,0.027989,0.028048,0.027843,0.027989,0.027989,0
2/21/14,0.027996,0.028186,0.027863,0.027996,0.027996,0
2/24/14,0.028137,0.028278,0.028084,0.028182,0.028182,0
2/25/14,0.028175,0.028175,0.028006,0.028175,0.028175,0
2/26/14,0.028002,0.028013,0.027743,0.028013,0.028013,0
2/27/14,0.027765,0.027765,0.027594,0.027768,0.027768,0
2/28/14,0.02778,0.02789,0.027623,0.027785,0.027785,0
3/3/14,0.027315,0.027646,0.027159,0.027777,0.027777,0
3/4/14,0.027486,0.02776,0.027407,0.027479,0.027479,0
3/5/14,0.027753,0.027836,0.027635,0.027769,0.027769,0
3/6/14,0.027749,0.027772,0.027534,0.027761,0.027761,0
3/7/14,0.027827,0.027842,0.027431,0.027714,0.027714,0
3/10/14,0.027514,0.027514,0.027414,0.027446,0.027446,0
3/11/14,0.027489,0.027581,0.027433,0.027489,0.027489,0
3/12/14,0.027443,0.02747,0.027372,0.027447,0.027447,0
3/13/14,0.027438,0.027581,0.027406,0.027443,0.027443,0
3/14/14,0.027396,0.027396,0.027251,0.027389,0.027389,0
3/17/14,0.02731,0.027628,0.02724,0.02737,0.02737,0
3/18/14,0.027621,0.027653,0.027327,0.02763,0.02763,0
3/19/14,0.027588,0.027868,0.027587,0.027601,0.027601,0
3/20/14,0.027647,0.027773,0.02762,0.02765,0.02765,0
3/21/14,0.027548,0.027621,0.02742,0.027557,0.027557,0
3/24/14,0.027579,0.027747,0.027579,0.027605,0.027605,0
3/25/14,0.027701,0.028107,0.027698,0.027712,0.027712,0
3/26/14,0.028153,0.028307,0.028153,0.028164,0.028164,0
3/27/14,0.028176,0.028178,0.028052,0.028149,0.028149,0
3/28/14,0.028116,0.028116,0.027947,0.028132,0.028132,0
3/31/14,0.028058,0.028474,0.027939,0.028128,0.028128,0
4/1/14,0.028488,0.028626,0.028442,0.028451,0.028451,0
4/2/14,0.028567,0.02857,0.028213,0.028567,0.028567,0
4/3/14,0.028221,0.028401,0.02811,0.028229,0.028229,0
4/4/14,0.028126,0.028395,0.028126,0.028152,0.028152,0
4/7/14,0.028453,0.028453,0.02798,0.028612,0.028612,0
4/8/14,0.028127,0.028251,0.027985,0.028127,0.028127,0
4/9/14,0.027984,0.028155,0.027909,0.028041,0.028041,0
4/10/14,0.028167,0.028237,0.028103,0.028176,0.028176,0
4/11/14,0.028118,0.028133,0.027978,0.028126,0.028126,0
4/14/14,0.027871,0.027947,0.027763,0.02809,0.02809,0
4/15/14,0.027835,0.027836,0.02765,0.027838,0.027838,0
4/16/14,0.027643,0.027818,0.027581,0.027648,0.027648,0
4/17/14,0.027781,0.028071,0.027765,0.027783,0.027783,0
4/18/14,0.028221,0.028242,0.028084,0.028224,0.028224,0
4/21/14,0.028141,0.028141,0.027984,0.028235,0.028235,0
4/22/14,0.028037,0.028073,0.027966,0.028051,0.028051,0
4/23/14,0.028018,0.028086,0.027992,0.028042,0.028042,0
4/24/14,0.02803,0.028068,0.027933,0.02804,0.02804,0
4/25/14,0.027988,0.028035,0.027729,0.028,0.028,0
4/28/14,0.027689,0.02796,0.027689,0.027766,0.027766,0
4/29/14,0.027909,0.028154,0.027907,0.02791,0.02791,0
4/30/14,0.028074,0.028099,0.027968,0.028074,0.028074,0
5/1/14,0.028089,0.028244,0.028046,0.028095,0.028095,0
5/2/14,0.028246,0.028246,0.027884,0.028283,0.028283,0
5/5/14,0.027882,0.02801,0.027882,0.028038,0.028038,0
5/6/14,0.028046,0.028284,0.028008,0.028046,0.028046,0
5/7/14,0.028232,0.02866,0.028136,0.028246,0.028246,0
5/8/14,0.028656,0.028787,0.028448,0.028659,0.028659,0
5/9/14,0.028551,0.028551,0.02831,0.028553,0.028553,0
5/12/14,0.028318,0.028601,0.028318,0.028424,0.028424,0
5/13/14,0.028571,0.028775,0.028557,0.028577,0.028577,0
5/14/14,0.02874,0.028866,0.028692,0.02875,0.02875,0
5/15/14,0.028869,0.028974,0.028721,0.028903,0.028903,0
5/16/14,0.028769,0.028841,0.028711,0.02878,0.02878,0
5/19/14,0.028706,0.029019,0.028706,0.02885,0.02885,0
5/20/14,0.028925,0.029031,0.02886,0.028969,0.028969,0
5/21/14,0.028982,0.029084,0.02893,0.028987,0.028987,0
5/22/14,0.029179,0.029225,0.029113,0.029179,0.029179,0
5/23/14,0.029134,0.029356,0.029121,0.029136,0.029136,0
5/26/14,0.029332,0.029412,0.029243,0.029366,0.029366,0
5/27/14,0.029267,0.029288,0.029026,0.02927,0.02927,0
5/28/14,0.029097,0.029118,0.028923,0.029103,0.029103,0
5/29/14,0.028936,0.028968,0.028816,0.028966,0.028966,0
5/30/14,0.028882,0.028883,0.028638,0.028887,0.028887,0
6/2/14,0.028651,0.028713,0.028599,0.028683,0.028683,0
6/3/14,0.028616,0.028697,0.028512,0.028666,0.028666,0
6/4/14,0.028501,0.028569,0.028366,0.028531,0.028531,0
6/5/14,0.028611,0.02882,0.028569,0.028618,0.028618,0
6/6/14,0.02883,0.029073,0.028787,0.028831,0.028831,0
6/9/14,0.02904,0.029196,0.02904,0.029072,0.029072,0
6/10/14,0.029158,0.029228,0.029071,0.02916,0.02916,0
6/11/14,0.029152,0.029174,0.02904,0.029164,0.029164,0
6/12/14,0.029116,0.029187,0.029066,0.02912,0.02912,0
6/13/14,0.029124,0.029137,0.029006,0.029124,0.029124,0
6/16/14,0.029036,0.029056,0.028842,0.029101,0.029101,0
6/17/14,0.028898,0.028902,0.028687,0.028907,0.028907,0
6/18/14,0.028726,0.029004,0.028691,0.028733,0.028733,0
6/19/14,0.029077,0.029282,0.029048,0.029128,0.029128,0
6/20/14,0.029107,0.029143,0.028964,0.029118,0.029118,0
6/23/14,0.028993,0.029275,0.028993,0.029038,0.029038,0
6/24/14,0.02933,0.029729,0.029313,0.029337,0.029337,0
6/25/14,0.029615,0.029719,0.029461,0.029615,0.029615,0
6/26/14,0.029611,0.029727,0.029585,0.029623,0.029623,0
6/27/14,0.029729,0.029808,0.029633,0.029742,0.029742,0
6/30/14,0.029648,0.029674,0.029363,0.02965,0.02965,0
7/1/14,0.029536,0.030035,0.029139,0.029547,0.029547,0
7/2/14,0.029127,0.029276,0.029102,0.02914,0.02914,0
7/3/14,0.029177,0.029295,0.029075,0.02916,0.02916,0
7/4/14,0.029266,0.029266,0.02899,0.029282,0.029282,0
7/7/14,0.029027,0.029079,0.028899,0.029118,0.029118,0
7/8/14,0.029065,0.029247,0.028985,0.029078,0.029078,0
7/9/14,0.029244,0.029462,0.029206,0.029246,0.029246,0
7/10/14,0.02972,0.02972,0.029277,0.029729,0.029729,0
7/11/14,0.029466,0.029482,0.029251,0.029499,0.029499,0
7/14/14,0.02923,0.029442,0.029114,0.029242,0.029242,0
7/15/14,0.029143,0.029178,0.029076,0.029146,0.029146,0
7/16/14,0.029101,0.029132,0.029022,0.029101,0.029101,0
7/17/14,0.028886,0.028993,0.028511,0.028889,0.028889,0
7/18/14,0.0284,0.028597,0.028372,0.028451,0.028451,0
7/21/14,0.028404,0.028553,0.028397,0.028515,0.028515,0
7/22/14,0.028448,0.028829,0.028423,0.028447,0.028447,0
7/23/14,0.028632,0.028774,0.028628,0.028637,0.028637,0
7/24/14,0.02868,0.028775,0.028456,0.028742,0.028742,0
7/25/14,0.028539,0.028568,0.028471,0.028549,0.028549,0
7/28/14,0.028466,0.028502,0.028133,0.028487,0.028487,0
7/29/14,0.028147,0.028147,0.027979,0.0281,0.0281,0
7/30/14,0.028088,0.02818,0.027849,0.028086,0.028086,0
7/31/14,0.028123,0.028249,0.028015,0.028121,0.028121,0
8/1/14,0.028057,0.028057,0.027914,0.028066,0.028066,0
8/4/14,0.028005,0.028083,0.027906,0.027991,0.027991,0
8/5/14,0.028004,0.028004,0.027716,0.028018,0.028018,0
8/6/14,0.027766,0.027767,0.027572,0.027775,0.027775,0
8/7/14,0.027703,0.027703,0.027479,0.027715,0.027715,0
8/8/14,0.027548,0.02769,0.027368,0.027556,0.027556,0
8/11/14,0.027674,0.027849,0.027632,0.027679,0.027679,0
8/12/14,0.027865,0.027867,0.027655,0.02787,0.02787,0
8/13/14,0.027662,0.027765,0.027563,0.027666,0.027666,0
8/14/14,0.027773,0.027919,0.027716,0.027781,0.027781,0
8/15/14,0.027776,0.027869,0.027574,0.02778,0.02778,0
8/18/14,0.027735,0.027844,0.027698,0.027738,0.027738,0
8/19/14,0.027759,0.027827,0.027624,0.027768,0.027768,0
8/20/14,0.027662,0.027663,0.027535,0.027669,0.027669,0
8/21/14,0.02765,0.027737,0.027501,0.027665,0.027665,0
8/22/14,0.027796,0.027828,0.027518,0.027808,0.027808,0
8/25/14,0.027706,0.027712,0.027621,0.027741,0.027741,0
8/26/14,0.02774,0.02774,0.027651,0.027746,0.027746,0
8/27/14,0.027771,0.027799,0.027642,0.027781,0.027781,0
8/28/14,0.027681,0.027695,0.027116,0.027687,0.027687,0
8/29/14,0.027302,0.027394,0.026894,0.027309,0.027309,0
9/1/14,0.027415,0.027415,0.02667,0.027068,0.027068,0
9/2/14,0.02681,0.026844,0.026677,0.026818,0.026818,0
9/3/14,0.026714,0.027276,0.026696,0.026717,0.026717,0
9/4/14,0.027195,0.027255,0.026985,0.027195,0.027195,0
9/5/14,0.027128,0.027278,0.026897,0.027124,0.027124,0
9/8/14,0.026991,0.027133,0.026927,0.027102,0.027102,0
9/9/14,0.027078,0.027081,0.026905,0.027081,0.027081,0
9/10/14,0.027004,0.027029,0.026724,0.027007,0.027007,0
9/11/14,0.026815,0.027003,0.026596,0.026827,0.026827,0