"Date","Price","Change","Ratio"
2010-01-04,1002.42,0,0
2010-01-05,1011.01,8.59,0.86
2010-01-07,1015.9,4.89,0.48
2010-01-11,1026.21,10.31,1.01
2010-01-12,1029.41,3.2,0.31
2010-01-14,1034.31,4.9,0.48
2010-01-18,1039.61,4.64,0.45
2010-01-19,1047.82,7.69,0.74
2010-01-21,1053.41,4.91,0.47
2010-01-25,1061.45,9.9,0.94
2010-01-26,1073.61,12.16,1.15
2010-01-28,1083.95,10.34,0.96
2010-02-01,1091.31,7.36,0.68
2010-02-02,1098.71,7.39,0.68
2010-02-04,1110.3,11.59,1.05
2010-02-08,1123.82,13.52,1.22
2010-02-09,1123.31,-0.51,-0.05
2010-02-11,1118.22,-5.08,-0.45
2010-02-15,1118.88,0.66,0.06
2010-02-16,1118.72,-0.16,-0.01
2010-02-18,1125.31,6.59,0.59
2010-02-22,1129.07,3.76,0.33
2010-02-23,1126.84,-2.23,-0.2
2010-03-01,1122.38,-4.46,-0.4
2010-03-02,1115.07,-7.31,-0.65
2010-03-04,1108.19,-6.88,-0.62
2010-03-09,1105.24,-2.95,-0.27
2010-03-11,1109.74,4.5,0.41
2010-03-15,1123.64,13.9,1.25
2010-03-16,1132.86,9.22,0.82
2010-03-18,1131.51,-1.35,-0.12
2010-03-22,1132.7,1.19,0.11
2010-03-23,1130.67,-2.03,-0.18
2010-03-25,1139.92,9.25,0.82
2010-03-29,1141.18,1.26,0.11
2010-03-30,1145.05,3.87,0.34
2010-04-01,1149.29,4.24,0.37
2010-04-05,1146.94,-0.96,-0.08
2010-04-06,1148.8,1.86,0.16
2010-04-08,1146.93,-1.87,-0.16
2010-04-12,1160.42,13.45,1.17
2010-04-13,1177.4,16.98,1.46
2010-04-15,1186.86,9.45,0.8
2010-04-19,1197.91,11.06,0.93
2010-04-20,1212.97,13.71,1.14
2010-04-22,1221.94,8.97,0.74
2010-04-26,1236.43,14.31,1.17
2010-04-27,1246.95,10.7,0.87
2010-04-29,1255.58,8.63,0.69
2010-05-03,1252.5,-3.08,-0.25
2010-05-04,1258.29,5.79,0.46
2010-05-10,1262.09,3.8,0.3
2010-05-11,1270.51,8.42,0.67
2010-05-13,1285.83,15.32,1.21
2010-05-17,1301.38,15.55,1.21
2010-05-18,1310.07,8.69,0.67
2010-05-20,1317.22,7.15,0.55
2010-05-24,1329.62,12.4,0.94
2010-05-25,1335.58,5.96,0.45
2010-05-27,1341.8,6.22,0.47
2010-05-31,1357.21,15.41,1.15
2010-06-01,1373.84,16.63,1.23
2010-06-03,1385.24,11.4,0.83
2010-06-07,1399.94,14.7,1.06
2010-06-08,1412.6,12.66,0.9
2010-06-10,1416.62,4.02,0.28
2010-06-14,1418.53,1.91,0.13
2010-06-15,1424.45,20.45,1.44
2010-06-17,1429.54,5.1,0.35
2010-06-21,1432.9,-11.18,-0.77
2010-06-22,1427.98,-4.92,-0.34
2010-06-24,1421.78,-6.2,-0.43
2010-06-28,1417.21,-4.57,-0.32
2010-06-29,1415.93,-1.28,-0.09
2010-07-01,1424.64,8.71,0.62
2010-07-04,1427.62,2.98,0.21
2010-07-05,1426.22,-1.4,-0.1
2010-07-07,1427.71,1.49,0.1
2010-07-08,1424.82,-2.89,-0.2
2010-07-11,1417.29,-7.53,-0.53
2010-07-12,1417.31,0.02,0
2010-07-14,1417.11,-0.2,-0.01
2010-07-15,1415.05,-2.06,-0.15
2010-07-18,1416.72,1.67,0.12
2010-07-19,1414.3,-2.42,-0.17
2010-07-21,1419.48,5.18,0.37
2010-07-22,1428.81,9.33,0.66
2010-07-25,1440.08,11.27,0.79
2010-07-26,1448.39,8.31,0.58
2010-07-28,1455.35,6.96,0.48
2010-07-29,1469.27,13.92,0.96
2010-08-01,1488.92,19.65,1.34
2010-08-02,1511.79,22.87,1.54
2010-08-04,1522.12,10.33,0.68
2010-08-05,1514.55,-7.57,-0.5
2010-08-08,1507.31,-7.24,-0.48
2010-08-09,1500.1,-7.21,-0.48
2010-08-11,1504.88,4.78,0.32
2010-08-12,1501.68,-3.2,-0.21
2010-08-15,1512.04,10.36,0.69
2010-08-16,1516.83,4.79,0.32
2010-08-18,1524.67,7.84,0.52
2010-08-19,1532.12,7.45,0.49
2010-08-22,1538.85,6.73,0.44
2010-08-23,1537.65,-1.2,-0.08
2010-08-25,1539.43,1.78,0.12
2010-08-26,1549.6,10.17,0.66
2010-08-29,1553.28,3.68,0.24
2010-08-30,1561.91,8.63,0.56
2010-09-01,1579.13,17.22,1.1
2010-09-02,1595.56,16.43,1.04
2010-09-05,1603.38,7.82,0.49
2010-09-06,1602.64,-0.74,-0.05
2010-09-08,1607.81,5.17,0.32
2010-09-13,1625.75,17.94,1.12
2010-09-15,1639.15,13.4,0.82
2010-09-16,1647.86,8.71,0.53
2010-09-19,1645.48,-2.38,-0.14
2010-09-20,1645.97,0.49,0.03
2010-09-22,1653.06,7.09,0.43
2010-09-23,1651.96,-1.1,-0.07
2010-09-26,1655.51,3.55,0.21
2010-09-27,1662.73,7.22,0.44
2010-09-29,1664.18,1.45,0.09
2010-09-30,1661.77,-2.41,-0.14
2010-10-03,1663.59,1.82,0.11
2010-10-04,1661.81,-1.78,-0.11
2010-10-07,1665.3,3.49,0.21
2010-10-10,1669,3.7,0.22
2010-10-11,1674.79,5.79,0.35
2010-10-13,1683.87,9.08,0.54
2010-10-14,1693.36,9.49,0.56
2010-10-17,1698.7,5.34,0.32
2010-10-18,1706.92,8.22,0.48
2010-10-20,1713.75,6.83,0.4
2010-10-21,1719.49,5.74,0.33
2010-10-24,1728.71,9.22,0.54
2010-10-25,1731.78,3.07,0.18
2010-10-27,1730.62,-1.16,-0.07
2010-10-28,1727.16,-3.46,-0.2
2010-10-31,1722.64,-4.52,-0.26
2010-11-01,1717.39,-5.25,-0.3
2010-11-03,1709.48,-7.91,-0.46
2010-11-04,1713.04,3.56,0.21
2010-11-07,1707.25,-5.79,-0.34
2010-11-08,1692.72,-14.53,-0.85
2010-11-10,1695.16,2.44,0.14
2010-11-11,1692.13,-3.03,-0.18
2010-11-14,1687.53,-4.6,-0.27
2010-11-21,1676.23,-11.3,-0.67
2010-11-22,1661.36,-14.87,-0.89
2010-11-24,1648.65,-12.71,-0.77
2010-11-25,1633.38,-15.27,-0.93
2010-11-28,1634.04,0.66,0.04
2010-11-29,1645.28,11.24,0.69
2010-12-01,1665.02,19.74,1.2
2010-12-02,1682.07,17.05,1.02
2010-12-05,1695.89,13.82,0.82
2010-12-06,1700.89,5,0.29
2010-12-08,1717.77,16.88,0.99
2010-12-09,1732.17,14.4,0.84
2010-12-12,1737.65,5.48,0.32
2010-12-15,1740.8,3.15,0.18
2010-12-16,1752.5,11.7,0.67
2010-12-19,1750.15,-2.35,-0.13
2010-12-20,1751.53,1.38,0.08
2010-12-22,1745.7,-5.83,-0.33
2010-12-23,1734.74,-10.96,-0.63
2010-12-27,1718.35,-16.39,-0.94
2010-12-29,1719.76,1.41,0.08
2010-12-30,1719.04,-0.72,-0.04
2011-01-03,1723.28,4.24,0.25
2011-01-05,1724.51,1.23,0.07
2011-01-06,1717.24,-7.27,-0.42
2011-01-09,1713.12,-4.12,-0.24
2011-01-10,1712.52,-0.6,-0.04
2011-01-12,1720.71,8.19,0.48
2011-01-13,1724.45,3.74,0.22
2011-01-16,1716.67,-7.78,-0.45
2011-01-17,1721.62,4.95,0.29
2011-01-19,1734.32,12.7,0.74
2011-01-20,1742.92,8.6,0.5
2011-01-23,1749.02,6.1,0.35
2011-01-24,1740.95,-8.07,-0.46
2011-01-26,1751.75,10.8,0.62
2011-01-27,1751.58,-0.17,-0.01
2011-01-30,1724.44,-27.14,-1.55
2011-01-31,1720.62,-3.82,-0.22
2011-02-01,1715.5,-5.12,-0.3
2011-02-02,1711.68,-3.82,-0.22
2011-02-03,1701.78,-9.9,-0.58
2011-02-06,1713.4,11.62,0.68
2011-02-07,1710.92,-2.48,-0.14
2011-02-08,1708.71,-2.21,-0.13
2011-02-09,1716.44,7.73,0.45
2011-02-10,1722.27,5.83,0.34
2011-02-13,1723.95,1.68,0.1
2011-02-14,1722.98,-0.97,-0.06
2011-02-16,1721.67,-1.31,-0.08
2011-02-17,1709.85,-11.82,-0.69
2011-02-20,1688.07,-21.78,-1.27
2011-02-21,1661.4,-26.67,-1.58
2011-02-22,1654.7,-6.54,-0.39
2011-02-23,1669.97,15.28,0.92
2011-02-24,1677.56,7.58,0.45
2011-02-27,1656.92,-20.63,-1.23
2011-02-28,1629.21,-27.72,-1.67
2011-03-01,1613.53,-15.67,-0.96
2011-03-02,1586.05,-27.49,-1.7
2011-03-03,1556.55,-29.49,-1.86
2011-03-06,1533.65,-22.9,-1.47
2011-03-07,1506.57,-27.08,-1.77
2011-03-09,1474.88,-31.7,-2.1
2011-03-10,1450.56,-24.32,-1.65
2011-03-13,1450.5,-0.05,0
2011-03-14,1484.38,33.87,2.33
2011-03-15,1515.31,30.93,2.08
2011-03-16,1539.14,23.83,1.57
2011-03-17,1539.91,0.77,0.05
2011-03-22,1523.14,-16.77,-1.09
2011-03-23,1503.43,-19.71,-1.29
2011-03-24,1478.1,-25.33,-1.68
2011-03-27,1454.92,-23.18,-1.57
2011-03-28,1458.72,3.8,0.26
2011-03-30,1480.78,22.06,1.51
2011-03-31,1452.16,-28.62,-1.93
2011-04-03,1449.58,-2.58,-0.18
2011-04-04,1446.23,-3.35,-0.23
2011-04-05,1439.81,-6.42,-0.44
2011-04-06,1444.14,4.33,0.3
2011-04-07,1452.65,8.51,0.59
2011-04-10,1423.02,-29.63,-2.04
2011-04-11,1396.3,-26.72,-1.88
2011-04-12,1375.04,-21.26,-1.52
2011-04-13,1357.77,-17.27,-1.26
2011-04-14,1356.87,-0.9,-0.07
2011-04-18,1340.58,-16.29,-1.2
2011-04-19,1316.41,-24.17,-1.8
2011-04-20,1296.5,-19.91,-1.51
2011-04-21,1282.52,-13.98,-1.08
2011-04-25,1275.37,-7.15,-0.56
2011-04-26,1262.83,-12.54,-0.98
2011-04-27,1239.89,-22.94,-1.82
2011-04-28,1215.66,-24.23,-1.95
2011-05-02,1208.66,-7,-0.58
2011-05-03,1219.67,11.01,0.91
2011-05-04,1244.2,24.53,2.01
2011-05-05,1266.69,22.49,1.81
2011-05-08,1287.13,20.44,1.61
2011-05-09,1319.99,32.86,2.55
2011-05-10,1349.79,29.8,2.26
2011-05-11,1378.26,28.47,2.11
2011-05-12,1398.8,20.54,1.49
2011-05-15,1393.54,-5.26,-0.38
2011-05-16,1382.64,-10.9,-0.78
2011-05-17,1355.58,-27.06,-1.96
2011-05-18,1332.86,-22.72,-1.68
2011-05-19,1323.11,-9.75,-0.73
2011-05-22,1307.09,-16.02,-1.21
2011-05-23,1286.16,-20.93,-1.6
2011-05-24,1266.99,-19.17,-1.49
2011-05-25,1259.94,-7.05,-0.56
2011-05-26,1256.8,-3.14,-0.25
2011-05-29,1252.41,-4.39,-0.35
2011-05-30,1245.54,-6.87,-0.55
2011-05-31,1233.42,-12.12,-0.97
2011-06-01,1237.54,4.12,0.33
2011-06-02,1234.13,-3.41,-0.28
2011-06-05,1213.86,-20.27,-1.64
2011-06-06,1195.61,-18.25,-1.5
2011-06-07,1173.02,-22.59,-1.89
2011-06-08,1152.35,-20.67,-1.76
2011-06-09,1136.82,-15.53,-1.35
2011-06-12,1117.17,-19.65,-1.73
2011-06-13,1120.38,3.21,0.29
2011-06-14,1137.95,17.57,1.57
2011-06-15,1137.02,-0.93,-0.08
2011-06-16,1133.09,-3.93,-0.35
2011-06-19,1117.32,-15.77,-1.39
2011-06-20,1105.28,-12.04,-1.08
2011-06-21,1088.66,-16.62,-1.5
2011-06-22,1072.52,-16.14,-1.48
2011-06-23,1057.36,-15.16,-1.41
2011-06-26,1046.59,-10.77,-1.02
2011-06-27,1035.22,-11.37,-1.09
2011-06-28,1025.35,-9.87,-0.95
2011-06-29,1020.94,-4.41,-0.43
2011-06-30,1031.04,10.1,0.99
2011-07-03,1043.72,12.68,1.23
2011-07-04,1063.38,19.66,1.88
2011-07-05,1061.36,-2.02,-0.19
2011-07-06,1063.56,2.2,0.21
2011-07-07,1067.5,3.94,0.37
2011-07-10,1060.35,-7.15,-0.67
2011-07-11,1061.75,1.4,0.13
2011-07-12,1046.71,-15.04,-1.42
2011-07-13,1036.2,-10.51,-1
2011-07-14,1032.62,-3.58,-0.35
2011-07-17,1021.23,-11.39,-1.1
2011-07-18,1012.68,-8.55,-0.84
2011-07-19,1002.83,-9.85,-0.97
2011-07-20,990.75,-12.08,-1.2
2011-07-21,1010.06,19.31,1.95
2011-07-24,1023.18,13.12,1.3
2011-07-25,1028.69,5.51,0.54
2011-07-26,1025.56,-3.13,-0.3
2011-07-27,1021.22,-4.34,-0.42
2011-07-28,1013.81,-7.41,-0.73
2011-07-31,1005.51,-8.3,-0.82
2011-08-01,994.24,-11.27,-1.12
2011-08-02,994.09,-0.15,-0.02
2011-08-03,998.3,4.21,0.42
2011-08-04,993.89,-4.41,-0.44
2011-08-07,984.45,-9.44,-0.95
2011-08-08,978.1,-6.35,-0.65
2011-08-09,968.49,-9.61,-0.98
2011-08-10,959.8,-8.69,-0.9
2011-08-11,950.89,-8.91,-0.93
2011-08-15,945.87,-5.02,-0.53
2011-08-16,950.37,4.5,0.48
2011-08-17,951.66,1.29,0.14
2011-08-22,949.28,-2.38,-0.25
2011-08-23,949.77,0.49,0.05
2011-08-24,950.73,0.96,0.1
2011-08-29,951.05,0.32,0.03
2011-09-05,947.45,-3.6,-0.38
2011-09-06,942.02,-5.43,-0.57
2011-09-07,933.34,-8.68,-0.92
2011-09-12,925.7,-7.64,-0.82
2011-09-13,915.97,-9.73,-1.05
2011-09-14,909.16,-6.81,-0.74
2011-09-19,904.67,-4.49,-0.49
2011-09-20,907.36,2.69,0.3
2011-09-21,927.12,19.76,2.18
2011-09-26,951.33,24.21,2.61
2011-09-27,966.64,15.31,1.61
2011-09-28,957.97,-8.67,-0.9
2011-10-03,947.16,-10.81,-1.13
2011-10-04,936.82,-10.34,-1.09
2011-10-05,931.37,-5.45,-0.58
2011-10-10,922.66,-8.71,-0.94
2011-10-11,914.4,-8.26,-0.9
2011-10-12,910.37,-4.03,-0.44
2011-10-17,906.76,-3.61,-0.4
2011-10-18,902.03,-4.73,-0.52
2011-10-19,897.91,-4.12,-0.46
2011-10-24,896.68,-1.23,-0.14
2011-10-25,901.62,4.94,0.55
2011-10-26,910.89,9.27,1.03
2011-10-31,902.89,-8,-0.88
2011-11-01,898.17,-4.72,-0.52
2011-11-02,903.82,5.65,0.63
2011-11-14,897.35,-6.47,-0.72
2011-11-15,889.71,-7.64,-0.85
2011-11-16,880.96,-8.75,-0.98
2011-11-21,872.53,-8.43,-0.96
2011-11-22,868.61,-3.92,-0.45
2011-11-23,862.88,-5.73,-0.66
2011-11-28,858.36,-4.52,-0.52
2011-11-29,852.66,-5.7,-0.66
2011-11-30,846.95,-5.71,-0.67
2011-12-05,844.02,-2.93,-0.35
2011-12-06,845.18,1.16,0.14
2011-12-07,842.68,-2.5,-0.3
2011-12-12,842.36,-0.32,-0.04
2011-12-13,842.05,-0.31,-0.04
2011-12-14,842.51,0.46,0.05
2011-12-19,854.72,12.21,1.45
2011-12-20,868.61,13.89,1.63
2011-12-21,866.17,-2.44,-0.28
2011-12-26,862.86,-3.31,-0.38
2011-12-27,863.95,1.09,0.13
2011-12-28,869.51,5.56,0.64
2012-01-02,887.72,18.21,2.09
2012-01-03,882.14,-5.58,-0.63
2012-01-04,885.41,3.27,0.37
2012-01-09,884.44,-0.97,-0.11
2012-01-10,880.77,-3.67,-0.41
2012-01-11,878.66,-2.11,-0.24
2012-01-16,874.05,-4.61,-0.52
2012-01-17,870.98,-3.07,-0.35
2012-01-18,867.46,-3.52,-0.4
2012-01-23,861.97,-5.49,-0.63
2012-01-24,859.85,-2.12,-0.25
2012-01-25,860.31,0.46,0.05
2012-01-30,858.59,-1.72,-0.2
2012-01-31,861.75,3.16,0.37
2012-02-01,859.6,-2.15,-0.25
2012-02-06,856.72,-2.88,-0.34
2012-02-07,855.17,-1.55,-0.18
2012-02-08,854.39,-0.78,-0.09
2012-02-13,856.91,2.52,0.29
2012-02-14,858.52,1.61,0.19
2012-02-15,861.76,3.24,0.38
2012-02-20,862.77,1.01,0.12
2012-02-21,862.32,-0.45,-0.05
2012-02-22,863.37,1.05,0.12
2012-02-27,857.36,-6.01,-0.7
2012-02-28,851.32,-6.04,-0.7
2012-02-29,848.82,-2.5,-0.29
2012-03-05,848.41,-0.41,-0.05
2012-03-06,845.92,-2.49,-0.29
2012-03-07,848.51,2.59,0.31
2012-03-12,850.48,1.97,0.23
2012-03-13,847.68,-2.8,-0.33
2012-03-14,850.5,2.82,0.33
2012-03-19,850.69,0.19,0.02
2012-03-20,852.25,1.56,0.18
2012-03-26,856.78,4.53,0.53
2012-03-27,867.54,10.76,1.26
2012-03-28,869.12,1.58,0.18
2012-04-02,871.02,1.9,0.22
2012-04-03,869.18,-1.84,-0.21
2012-04-04,872.89,3.71,0.43
2012-04-09,870.7,-2.19,-0.25
2012-04-10,868.6,-2.1,-0.24
2012-04-11,868.54,-0.06,-0.01
2012-04-18,868.98,0.44,0.05
2012-04-23,874.94,5.96,0.69
2012-04-24,880.06,5.12,0.59
2012-04-25,881.83,1.77,0.2
2012-04-30,877.77,-4.06,-0.46
2012-05-02,872.02,-5.75,-0.66
2012-05-07,869.02,-3,-0.34
2012-05-08,870.02,1,0.12
2012-05-09,874.53,4.51,0.52
2012-05-14,875.57,1.04,0.12
2012-05-15,874.15,-1.42,-0.16
2012-05-16,873.75,-0.4,-0.05
2012-05-21,872.47,-1.28,-0.15
2012-05-22,872.26,-0.21,-0.02
2012-05-23,872.23,-0.03,0
2012-05-28,867.07,-5.16,-0.59
2012-05-29,863.27,-3.8,-0.44
2012-05-30,861.65,-1.62,-0.19
2012-06-04,861.21,-0.44,-0.05
2012-06-05,858.67,-2.54,-0.29
2012-06-06,858.67,0,0
2012-06-11,858,-0.67,-0.08
2012-06-12,855.72,-2.28,-0.27
2012-06-13,853.47,-2.25,-0.26
2012-06-18,851.46,-2.01,-0.24
2012-06-19,849.5,-1.96,-0.23
2012-06-20,847.67,-1.83,-0.22
2012-06-25,845.14,-2.53,-0.3
2012-06-26,843.86,-1.28,-0.15
2012-06-27,843.38,-0.48,-0.06
2012-07-02,842.91,-0.47,-0.06
2012-07-03,841.79,-1.12,-0.13
2012-07-04,840.27,-1.52,-0.18
2012-07-09,837.33,-2.94,-0.35
2012-07-10,834.43,-2.9,-0.35
2012-07-11,831.49,-2.94,-0.35
2012-07-16,830.82,-0.67,-0.08
2012-07-17,829.18,-1.64,-0.2
2012-07-18,827.94,-1.24,-0.15
2012-07-23,828.97,1.03,0.12
2012-07-24,829.49,0.52,0.06
2012-07-25,829.49,0,0
2012-07-30,828.82,-0.67,-0.08
2012-07-31,826.04,-2.78,-0.34
2012-08-01,823.07,-2.97,-0.36
2012-08-06,823.07,0,0
2012-08-07,823.07,0,0
2012-08-08,821.16,-1.91,-0.23
2012-08-13,821.16,0,0
2012-08-14,821.16,0,0
2012-08-15,820.49,-0.67,-0.08
2012-08-27,820.49,0,0
2012-08-28,820.49,0,0
2012-08-29,819.03,-1.46,-0.18
2012-09-03,818.36,-0.67,-0.08
2012-09-04,818.36,0,0
2012-09-05,818.36,0,0
2012-09-10,818.36,0,0
2012-09-11,818.36,0,0
2012-09-12,818.36,0,0
2012-09-17,818.36,0,0
2012-09-18,818.36,0,0
2012-09-19,818.36,0,0
2012-09-24,818.05,-0.31,-0.04
2012-09-25,817.42,-0.63,-0.08
2012-09-26,816.75,-0.67,-0.08
2012-10-01,816.75,0,0
2012-10-02,814.7,-2.05,-0.25
2012-10-03,814.03,-0.67,-0.08
2012-10-08,813.36,-0.67,-0.08
2012-10-09,812.69,-0.67,-0.08
2012-10-10,812.46,-0.23,-0.03
2012-10-15,811.46,-1,-0.12
2012-10-16,810,-1.46,-0.18
2012-10-17,810,0,0
2012-10-22,809.9,-0.1,-0.01
2012-10-23,807.98,-1.92,-0.24
2012-10-24,806.07,-1.91,-0.24
2012-10-30,804.83,-1.24,-0.15
2012-10-31,803.85,-0.98,-0.12
2012-11-05,802.29,-1.56,-0.19
2012-11-06,801.31,-0.98,-0.12
2012-11-07,800.54,-0.77,-0.1
2012-11-12,799.78,-0.76,-0.09
2012-11-13,799.02,-0.76,-0.1
2012-11-14,798.45,-0.57,-0.07
2012-11-19,798.01,-0.44,-0.06
2012-11-20,797.44,-0.57,-0.07
2012-11-21,796.88,-0.56,-0.07
2012-11-26,796.08,-0.8,-0.1
2012-11-27,794.16,-1.92,-0.24
2012-11-28,792,-2.16,-0.27
2012-12-03,788.56,-3.44,-0.43
2012-12-04,787.2,-1.36,-0.17
2012-12-05,785.4,-1.8,-0.23
2012-12-10,784.95,-0.45,-0.06
2012-12-11,783.27,-1.68,-0.21
2012-12-12,781.62,-1.65,-0.21
2012-12-17,777.69,-3.93,-0.5
2012-12-18,775,-2.69,-0.35
2012-12-19,772,-3,-0.39
2012-12-24,771.99,-0.01,0
2012-12-26,770.82,-1.17,-0.15
2012-12-31,769.6,-1.22,-0.16
2013-01-02,769.3,-0.3,-0.04
2013-01-07,768.37,-0.93,-0.12
2013-01-08,769.14,0.77,0.1
2013-01-09,771.24,2.1,0.27
2013-01-14,777.16,5.92,0.77
2013-01-15,784.9,7.74,1
2013-01-16,784.37,-0.53,-0.07
2013-01-21,787.56,3.19,0.41
2013-01-22,789.8,2.24,0.28
2013-01-23,786.95,-2.85,-0.36
2013-01-28,785.04,-1.91,-0.24
2013-01-29,784.37,-0.67,-0.09
2013-01-30,782.17,-2.2,-0.28
2013-02-04,777.72,-4.45,-0.57
2013-02-05,777.12,-0.6,-0.08
2013-02-06,775.66,-1.46,-0.19
2013-02-11,773.56,-2.1,-0.27
2013-02-12,776.8,3.24,0.42
2013-02-13,783.18,6.38,0.82
2013-02-18,782.12,-1.06,-0.14
2013-02-19,779.21,-2.91,-0.37
2013-02-20,776.32,-2.89,-0.37
2013-02-25,775.17,-1.15,-0.15
2013-02-26,773.14,-2.03,-0.26
2013-02-27,771.01,-2.13,-0.28
2013-03-04,770.02,-0.99,-0.13
2013-03-05,774.79,4.77,0.62
2013-03-06,775.14,0.35,0.05
2013-03-11,772.59,-2.55,-0.33
2013-03-12,770,-2.59,-0.34
2013-03-13,769.07,-0.93,-0.12
2013-03-18,777.9,8.83,1.15
2013-03-19,782.73,4.83,0.62
2013-03-20,784.92,2.19,0.28
2013-03-25,783.92,-1,-0.13
2013-03-26,785.5,1.58,0.2
2013-03-27,793.68,8.18,1.04
2013-04-01,792.13,-1.55,-0.2
2013-04-02,793.83,1.7,0.21
2013-04-03,792.67,-1.16,-0.15
2013-04-08,802.41,9.74,1.23
2013-04-09,810.85,8.44,1.05
2013-04-10,820.49,9.64,1.19
2013-04-15,835.22,14.73,1.8
2013-04-16,847.82,12.6,1.51
2013-04-22,870.35,22.53,2.66
2013-04-23,888.6,18.25,2.1
2013-04-24,900.28,11.68,1.31
2013-04-29,897.67,-2.61,-0.29
2013-04-30,897.35,-0.32,-0.04
2013-05-07,903.4,6.05,0.67
2013-05-08,918.95,15.55,1.72
2013-05-13,949.51,30.56,3.33
2013-05-14,976.62,27.11,2.86
2013-05-15,1000.44,23.82,2.44
2013-05-20,1037.18,36.74,3.67
2013-05-21,1070.88,33.7,3.25
2013-05-22,1112.31,41.43,3.87
2013-05-27,1155.01,42.7,3.84
2013-05-28,1178.45,23.44,2.03
2013-05-29,1178.16,-0.29,-0.02
2013-06-03,1181.77,3.61,0.31
2013-06-04,1176.49,-5.28,-0.45
2013-06-05,1181.36,4.87,0.41
2013-06-10,1181.77,0.41,0.03
2013-06-11,1182.04,0.27,0.02
2013-06-12,1182.05,0.01,0
2013-06-17,1179.27,-2.78,-0.24
2013-06-18,1174.1,-5.17,-0.44
2013-06-19,1165.31,-8.79,-0.75
2013-06-24,1162.29,-3.02,-0.26
2013-06-25,1157.75,-4.54,-0.39
2013-06-26,1148.95,-8.8,-0.76
2013-07-01,1142.06,-6.89,-0.6
2013-07-02,1154.03,11.97,1.05
2013-07-03,1167.81,13.78,1.19
2013-07-08,1183.87,16.06,1.38
2013-07-09,1208.57,24.7,2.09
2013-07-10,1210.48,1.91,0.16
2013-07-15,1223.54,13.06,1.08
2013-07-16,1237.87,14.33,1.17
2013-07-17,1236.21,-1.66,-0.13
2013-07-22,1224.78,-11.43,-0.92
2013-07-23,1213.08,-11.7,-0.96
2013-07-24,1215.54,2.46,0.2
2013-07-29,1220.61,5.07,0.42
2013-07-30,1214.29,-6.32,-0.52
2013-07-31,1210.89,-3.4,-0.28
2013-08-05,1209.54,-1.35,-0.11
2013-08-06,1204.62,-4.92,-0.41
2013-08-07,1203.22,-1.4,-0.12
2013-08-12,1200.28,-2.94,-0.24
2013-08-13,1206,5.72,0.48
2013-08-14,1207.47,1.47,0.12
2013-08-19,1202.5,-4.97,-0.41
2013-08-20,1200.97,-1.53,-0.13
2013-08-21,1202.52,1.55,0.13
2013-08-26,1196.57,-5.95,-0.49
2013-08-27,1198.32,1.75,0.15
2013-08-28,1189.92,-8.4,-0.7
2013-09-02,1193.3,3.38,0.28
2013-09-03,1197.19,3.89,0.33
2013-09-04,1193.8,-3.39,-0.28
2013-09-09,1186.54,-7.26,-0.61
2013-09-10,1187.51,0.97,0.08
2013-09-11,1201.35,13.84,1.17
2013-09-16,1215.93,14.58,1.21
2013-09-17,1212.15,-3.78,-0.31
2013-09-18,1206.26,-5.89,-0.49
2013-09-23,1231.39,25.13,2.08
2013-09-24,1234.38,2.99,0.24
2013-09-25,1231.02,-3.36,-0.27
2013-09-30,1250.89,19.87,1.61
2013-10-01,1244.8,-6.09,-0.49
2013-10-02,1238.6,-6.2,-0.5
2013-10-07,1231.93,-6.67,-0.54
2013-10-08,1235.11,3.18,0.26
2013-10-09,1242.78,7.67,0.62
2013-10-21,1241.43,-1.35,-0.11
2013-10-22,1246.23,4.8,0.39
2013-10-23,1243.16,-3.07,-0.25
2013-10-28,1239.92,-3.24,-0.26
2013-10-29,1245.43,5.51,0.44
2013-10-30,1245.65,0.22,0.02
2013-11-04,1248.91,3.26,0.26
2013-11-06,1245.39,-3.52,-0.28
2013-11-11,1246.79,1.4,0.11
2013-11-12,1249.01,2.22,0.18
2013-11-13,1246.33,-2.68,-0.21
2013-11-18,1244.6,-1.73,-0.14
2013-11-19,1244.67,0.07,0.01
2013-11-20,1250.6,5.93,0.48
2013-11-25,1250.84,0.24,0.02
2013-11-26,1254.81,3.97,0.32
2013-11-27,1252.35,-2.46,-0.2
2013-12-02,1250.85,-1.5,-0.12
2013-12-03,1248.67,-2.18,-0.17
2013-12-04,1251.2,2.53,0.2
2013-12-09,1250.27,-0.93,-0.07
2013-12-10,1250.6,0.33,0.03
2013-12-11,1253.09,2.49,0.2
2013-12-16,1250.85,-2.24,-0.18
2013-12-17,1249.21,-1.64,-0.13
2013-12-18,1248.18,-1.03,-0.08
2013-12-23,1250.7,2.52,0.2
2013-12-24,1247.51,-3.19,-0.26
2013-12-30,1248.04,0.53,0.04
2013-12-31,1249.49,1.45,0.12
2014-01-06,1248.64,-0.85,-0.07
2014-01-07,1249.06,0.42,0.03
2014-01-08,1248.76,-0.3,-0.02
2014-01-14,1247.03,-1.73,-0.14
2014-01-15,1244.97,-2.06,-0.17
2014-01-20,1243.97,-1,-0.08
2014-01-21,1243.04,-0.93,-0.07
2014-01-22,1244.61,1.57,0.13
2014-01-27,1242.83,-1.78,-0.14
2014-01-28,1241.78,-1.05,-0.08
2014-01-29,1235.35,-6.43,-0.52
2014-02-03,1230.17,-5.18,-0.42
2014-02-04,1224.08,-6.09,-0.5
2014-02-05,1217.97,-6.11,-0.5
2014-02-10,1214.32,-3.65,-0.3
2014-02-11,1225.38,11.06,0.91
2014-02-12,1238.3,12.92,1.05
2014-02-17,1230.45,-7.85,-0.63
2014-02-18,1223.52,-6.93,-0.56
2014-02-19,1217.99,-5.53,-0.45
2014-02-24,1214.34,-3.65,-0.3
2014-02-25,1211.83,-2.51,-0.21
2014-02-26,1220.85,9.02,0.74
2014-03-03,1224.24,3.39,0.28
2014-03-04,1218.74,-5.5,-0.45
2014-03-05,1211.65,-7.09,-0.58
2014-03-10,1212.56,0.91,0.08
2014-03-11,1219.34,6.78,0.56
2014-03-12,1219.4,0.06,0
2014-03-17,1217.53,-1.87,-0.15
2014-03-18,1216.8,-0.73,-0.06
2014-03-19,1231.15,14.35,1.18
2014-03-24,1226.46,-4.69,-0.38
2014-03-25,1225.45,-1.01,-0.08
2014-03-26,1231.91,6.46,0.53
2014-03-31,1232.08,0.17,0.01
2014-04-01,1235.75,3.67,0.3
2014-04-02,1239.23,3.48,0.28
2014-04-07,1243.89,4.66,0.38
2014-04-08,1248.94,5.05,0.41
2014-04-09,1248.66,-0.28,-0.02
2014-04-14,1253.95,5.29,0.42
2014-04-15,1250.01,-3.94,-0.31
2014-04-16,1252.55,2.54,0.2
2014-04-21,1250.85,-1.7,-0.14
2014-04-22,1253.98,3.13,0.25
2014-04-23,1252.06,-1.92,-0.15
2014-04-28,1247.92,-4.14,-0.33
2014-04-29,1246.53,-1.39,-0.11
2014-04-30,1249.09,2.56,0.21
2014-05-05,1247.79,-1.3,-0.1
2014-05-07,1250.3,2.51,0.2
2014-05-12,1244.28,-6.02,-0.48
2014-05-13,1245.74,1.46,0.12
2014-05-14,1249.31,3.57,0.29
2014-05-19,1250.3,0.99,0.08
2014-05-20,1251.79,1.49,0.12
2014-05-21,1254.19,2.4,0.19
2014-05-26,1254.9,0.71,0.06
2014-05-27,1258.2,3.3,0.26
2014-05-28,1259.6,1.4,0.11
2014-06-02,1269.44,9.84,0.78
2014-06-03,1275.72,6.28,0.49
2014-06-04,1275.33,-0.39,-0.03
2014-06-09,1279.24,3.91,0.31
2014-06-10,1290.22,10.98,0.86
2014-06-11,1294.53,4.31,0.33
2014-06-16,1289.49,-5.04,-0.39
2014-06-17,1295.6,6.11,0.47
2014-06-18,1295.63,0.03,0
2014-06-23,1301.48,5.85,0.45
2014-06-24,1306.5,5.02,0.39
2014-06-25,1306.43,-0.07,-0.01
2014-06-30,1307.97,1.54,0.12
2014-07-01,1309.05,1.08,0.08
2014-07-02,1315.62,6.57,0.5
2014-07-07,1330.1,14.48,1.1
2014-07-08,1331.74,1.64,0.12
2014-07-09,1324.63,-7.11,-0.53
2014-07-14,1319.24,-5.39,-0.41
2014-07-15,1325.28,6.04,0.46
2014-07-16,1321.42,-3.86,-0.29
2014-07-21,1319.61,-1.81,-0.14
2014-07-22,1316.53,-3.08,-0.23
2014-07-23,1321.44,4.91,0.37
2014-08-04,1316.93,-4.51,-0.34
2014-08-05,1314.5,-2.43,-0.18
2014-08-06,1314.72,0.22,0.02
2014-08-07,1309.44,-5.28,-0.4
2014-08-11,1304.64,-4.8,-0.37
2014-08-12,1308.95,4.31,0.33
2014-08-13,1310.95,2,0.15
2014-08-14,1307.65,-3.3,-0.25
2014-08-18,1304.5,-3.15,-0.24
2014-08-19,1303.64,-0.86,-0.07
2014-08-20,1301.34,-2.3,-0.18
2014-08-21,1299.01,-2.33,-0.18
2014-08-25,1308.22,9.21,0.71
2014-08-26,1314.5,6.28,0.48
2014-08-27,1312.14,-2.36,-0.18
2014-08-28,1311.56,-0.58,-0.04
2014-09-01,1308.32,-3.24,-0.25
2014-09-02,1306.23,-2.09,-0.16
2014-09-03,1305.09,-1.14,-0.09
2014-09-04,1306.12,1.03,0.08
2014-09-08,1299.46,-6.66,-0.51
2014-09-09,1296.8,-2.66,-0.2
2014-09-10,1296.51,-0.29,-0.02
2014-09-11,1295.53,-0.98,-0.08
2014-09-15,1299.7,4.17,0.32
2014-09-16,1304.5,4.8,0.37
2014-09-17,1304.52,0.02,0
2014-09-18,1303.04,-1.48,-0.11
2014-09-22,1301.96,-1.08,-0.08
2014-09-23,1298.43,-3.53,-0.27
2014-09-24,1293.99,-4.44,-0.34
2014-09-25,1295.62,1.63,0.13
2014-09-29,1296.48,0.86,0.07
2014-09-30,1298.29,1.81,0.14
2014-10-01,1298.29,0,0
2014-10-02,1300,1.71,0.13
2014-10-13,1295.46,-4.54,-0.35
2014-10-14,1295.31,-0.15,-0.01
2014-10-15,1298.05,2.74,0.21
2014-10-16,1297.16,-0.89,-0.07
2014-10-20,1297.01,-0.15,-0.01
2014-10-21,1294.46,-2.55,-0.2
2014-10-22,1294.08,-0.38,-0.03
2014-10-23,1294.3,0.22,0.02
2014-10-27,1294.53,0.23,0.02
2014-10-28,1292.69,-1.84,-0.14
2014-10-29,1292.52,-0.17,-0.01
2014-10-30,1291.52,-1,-0.08
2014-11-03,1291.48,-0.04,0
2014-11-04,1290.11,-1.37,-0.11
2014-11-05,1288.53,-1.58,-0.12
2014-11-06,1289.47,0.94,0.07
2014-11-10,1284.56,-4.91,-0.38
2014-11-11,1286.36,1.8,0.14
2014-11-12,1284.66,-1.7,-0.13
2014-11-13,1283.08,-1.58,-0.12
2014-11-17,1280.37,-2.71,-0.21
2014-11-18,1272.28,-8.09,-0.63
2014-11-19,1265.29,-6.99,-0.55
2014-11-20,1261.47,-3.82,-0.3
2014-11-24,1258.71,-2.76,-0.22
2014-11-25,1256.03,-2.68,-0.21
2014-11-26,1258.1,2.07,0.16
2014-11-27,1253.95,-4.15,-0.33
2014-12-01,1248.06,-5.89,-0.47
2014-12-02,1252.8,4.74,0.38
2014-12-03,1257.01,4.21,0.34
2014-12-04,1259.36,2.35,0.19
2014-12-08,1255.44,-3.92,-0.31
2014-12-09,1258.01,2.57,0.2
2014-12-10,1272.37,14.36,1.14
2014-12-11,1274.67,2.3,0.18
2014-12-15,1274.14,-0.53,-0.04
2014-12-16,1267.77,-6.37,-0.5
2014-12-17,1262.04,-5.73,-0.45
2014-12-18,1261.43,-0.61,-0.05
2014-12-22,1258.62,-2.81,-0.22
2014-12-23,1258.91,0.29,0.02
2014-12-24,1259.59,0.68,0.05
2014-12-29,1257,-2.59,-0.21
2014-12-30,1265.11,8.11,0.65
2014-12-31,1271.25,6.14,0.49
2015-01-05,1268.22,-3.03,-0.24
2015-01-06,1267.56,-0.66,-0.05
2015-01-08,1267.33,-0.23,-0.02
2015-01-12,1266.14,-1.19,-0.09
2015-01-13,1267.77,1.63,0.13
2015-01-14,1268.29,0.52,0.04
2015-01-15,1265.83,-2.46,-0.19
2015-01-19,1263.16,-2.67,-0.21
2015-01-20,1263.2,0.04,0
2015-01-21,1261.23,-1.97,-0.16
2015-01-22,1260.3,-0.93,-0.07
2015-01-26,1260.05,-0.25,-0.02
2015-01-27,1260.33,0.28,0.02
2015-01-28,1262.04,1.71,0.14
2015-01-29,1262.11,0.07,0.01
2015-02-02,1256.71,-5.4,-0.43
2015-02-03,1254.06,-2.65,-0.21
2015-02-04,1253.64,-0.42,-0.03
2015-02-05,1250.56,-3.08,-0.25
2015-02-09,1250.21,-0.35,-0.03
2015-02-10,1247.36,-2.85,-0.23
2015-02-11,1244.53,-2.83,-0.23
2015-02-12,1238.4,-6.13,-0.49
2015-02-16,1239.55,1.15,0.09
2015-02-17,1247.4,7.85,0.63
2015-02-18,1249.45,2.05,0.16
2015-02-19,1248.83,-0.62,-0.05
2015-02-23,1248.74,-0.09,-0.01
2015-02-24,1250.39,1.65,0.13
2015-02-25,1249.11,-1.28,-0.1
2015-02-26,1249.33,0.22,0.02
2015-03-02,1248.98,-0.35,-0.03
2015-03-03,1249.8,0.82,0.07
2015-03-04,1246.41,-3.39,-0.27
2015-03-05,1246.58,0.17,0.01
2015-03-09,1243.66,-2.92,-0.23
2015-03-10,1239.49,-4.17,-0.34
2015-03-11,1238.17,-1.32,-0.11
2015-03-12,1237.3,-0.87,-0.07
2015-03-16,1239.62,2.32,0.19
2015-03-17,1240.31,0.69,0.06
2015-03-18,1238.88,-1.43,-0.12
2015-03-19,1236.9,-1.98,-0.16
2015-03-23,1235.95,-0.95,-0.08
2015-03-24,1239.73,3.78,0.31
2015-03-25,1245.59,5.86,0.47
2015-03-26,1246.96,1.37,0.11
2015-03-30,1247.07,0.11,0.01
2015-03-31,1242.29,-4.78,-0.38
2015-04-01,1234.31,-7.98,-0.64
2015-04-02,1233.56,-0.75,-0.06
2015-04-06,1233.74,0.18,0.01
2015-04-07,1233.05,-0.69,-0.06
2015-04-08,1231.62,-1.43,-0.12
2015-04-09,1230.62,-1,-0.08
2015-04-13,1228.25,-2.37,-0.19
2015-04-14,1224.31,-3.94,-0.32
2015-04-15,1223.56,-0.75,-0.06
2015-04-16,1222.76,-0.8,-0.07
2015-04-20,1218.94,-3.82,-0.31
2015-04-21,1215.49,-3.45,-0.28
2015-04-22,1210.63,-4.86,-0.4
2015-04-23,1210.41,-0.22,-0.02
2015-04-27,1207.71,-2.7,-0.22
2015-04-28,1206.43,-1.28,-0.11
2015-04-29,1204.38,-2.05,-0.17
2015-04-30,1203.26,-1.12,-0.09
2015-05-04,1205.95,2.69,0.22
2015-05-05,1205.33,-0.62,-0.05
2015-05-07,1207.88,2.55,0.21
2015-05-11,1208.6,0.72,0.06
2015-05-12,1207.12,-1.48,-0.12
2015-05-13,1209.56,2.44,0.2
2015-05-14,1211.44,1.88,0.16
2015-05-18,1212.56,1.12,0.09
2015-05-19,1210.94,-1.62,-0.13
2015-05-20,1209.57,-1.37,-0.11
2015-05-21,1209.57,0,0
2015-05-25,1211.05,1.48,0.12
2015-05-26,1210.59,-0.46,-0.04
2015-05-27,1207.05,-3.54,-0.29
2015-05-28,1206.56,-0.49,-0.04
2015-06-01,1204.37,-2.19,-0.18
2015-06-02,1205.01,0.64,0.05
2015-06-03,1204.71,-0.3,-0.02
2015-06-04,1202.9,-1.81,-0.15
2015-06-08,1200.66,-2.24,-0.19
2015-06-09,1198.94,-1.72,-0.14
2015-06-10,1197.48,-1.46,-0.12
2015-06-11,1198.8,1.32,0.11
2015-06-15,1195.82,-2.98,-0.25
2015-06-16,1196.03,0.21,0.02
2015-06-17,1197.96,1.93,0.16
2015-06-18,1196.34,-1.62,-0.14
2015-06-22,1196.21,-0.13,-0.01
2015-06-23,1196.92,0.71,0.06
2015-06-24,1198.51,1.59,0.13
2015-06-25,1199.33,0.82,0.07
2015-06-29,1199.9,0.57,0.05
2015-06-30,1199.56,-0.34,-0.03
2015-07-01,1197.82,-1.74,-0.15
2015-07-02,1198.16,0.34,0.03
2015-07-06,1195.76,-2.4,-0.2
2015-07-07,1195.76,0,0
2015-07-08,1195.73,-0.03,0
2015-07-09,1195.79,0.06,0.01
2015-07-13,1194.59,-1.2,-0.1
2015-07-14,1197.03,2.44,0.2
2015-07-15,1199.89,2.86,0.24
2015-07-16,1201.94,2.05,0.17
2015-07-20,1201.58,-0.36,-0.03
2015-07-21,1205.7,4.12,0.34
2015-07-22,1214.13,8.43,0.7
2015-07-23,1214.79,0.66,0.05
2015-07-27,1214.13,-0.66,-0.05
2015-07-28,1213.05,-1.08,-0.09
2015-07-29,1212.21,-0.84,-0.07
2015-07-30,1212.07,-0.14,-0.01
2015-08-03,1211.48,-0.59,-0.05
2015-08-04,1209.84,-1.64,-0.14
2015-08-05,1209.42,-0.42,-0.03
2015-08-06,1209.87,0.45,0.04
2015-08-10,1209.75,-0.12,-0.01
2015-08-11,1208.93,-0.82,-0.07
2015-08-12,1208.93,0,0
2015-08-13,1207.09,-1.84,-0.15
2015-08-17,1207.26,0.17,0.01
2015-08-18,1206.89,-0.37,-0.03
2015-08-19,1206.7,-0.19,-0.02
2015-08-20,1206.44,-0.26,-0.02
2015-08-24,1205.28,-1.16,-0.1
2015-08-25,1205.72,0.44,0.04
2015-08-26,1205.32,-0.4,-0.03
2015-08-27,1204.92,-0.4,-0.03
2015-08-31,1204.87,-0.05,0
2015-09-01,1205.12,0.25,0.02
2015-09-02,1204.39,-0.73,-0.06
2015-09-03,1203.51,-0.88,-0.07
2015-09-07,1201.78,-1.73,-0.14
2015-09-08,1203.6,1.82,0.15
2015-09-09,1203.6,0,0
2015-09-10,1202.84,-0.76,-0.06
2015-09-14,1202.15,-0.69,-0.06
2015-09-15,1201.34,-0.81,-0.07
2015-09-16,1199.43,-1.91,-0.16
2015-09-17,1198.08,-1.35,-0.11
2015-09-21,1198.27,0.19,0.02
2015-09-22,1198.52,0.25,0.02
2015-09-23,1199.04,0.52,0.04
2015-09-28,1198.51,-0.53,-0.04
2015-09-29,1198.51,0,0
2015-09-30,1199.32,0.81,0.07
2015-10-01,1199.58,0.26,0.02
2015-10-05,1197.96,-1.62,-0.14
2015-10-07,1196.28,-1.68,-0.14
2015-10-08,1196.55,0.27,0.02
2015-10-12,1198.51,1.96,0.16
2015-10-13,1205.84,7.33,0.61
2015-10-19,1223.19,17.35,1.44
2015-10-20,1225.16,1.97,0.16
2015-10-21,1224.65,-0.51,-0.04
2015-10-22,1224.06,-0.59,-0.05
2015-10-26,1222.34,-1.72,-0.14
2015-10-27,1219.32,-3.02,-0.25
2015-10-28,1218.39,-0.93,-0.08
2015-10-29,1214.95,-3.44,-0.28
2015-11-02,1213.92,-1.03,-0.08
2015-11-03,1214.29,0.37,0.03
2015-11-04,1213.29,-1,-0.08
2015-11-05,1212.89,-0.4,-0.03
2015-11-09,1212.47,-0.42,-0.03
2015-11-10,1212.55,0.08,0.01
2015-11-11,1211.18,-1.37,-0.11
2015-11-12,1210.84,-0.34,-0.03
2015-11-16,1217.53,6.69,0.55
2015-11-17,1216.08,-1.45,-0.12
2015-11-18,1214.58,-1.5,-0.12
2015-11-19,1210.62,-3.96,-0.33
2015-11-23,1209.57,-1.05,-0.09
2015-11-24,1209.57,0,0
2015-11-25,1210.33,0.76,0.06
2015-11-26,1209.87,-0.46,-0.04
2015-11-30,1209.4,-0.47,-0.04
2015-12-01,1209.04,-0.36,-0.03
2015-12-02,1208.17,-0.87,-0.07
2015-12-03,1208.51,0.34,0.03
2015-12-07,1209.08,0.57,0.05
2015-12-08,1209.69,0.61,0.05
2015-12-09,1208.11,-1.58,-0.13
2015-12-10,1210.58,2.47,0.2
2015-12-14,1210.08,-0.5,-0.04
2015-12-15,1209.64,-0.44,-0.04
2015-12-16,1211.33,1.69,0.14
2015-12-17,1216.26,4.93,0.41
2015-12-21,1215.74,-0.52,-0.04
2015-12-22,1213.39,-2.35,-0.19
2015-12-28,1216.89,3.5,0.29
2015-12-29,1223.51,6.62,0.54
2015-12-30,1227.86,4.35,0.36
2016-01-04,1227.72,-0.14,-0.01
2016-01-05,1223.43,-4.29,-0.35
2016-01-06,1221.08,-2.35,-0.19
2016-01-07,1219.01,-2.07,-0.17
2016-01-11,1218.12,-0.89,-0.07
2016-01-12,1216.4,-1.72,-0.14
2016-01-13,1220.43,4.03,0.33
2016-01-14,1220.61,0.18,0.01
2016-01-18,1222.14,1.53,0.13
2016-01-19,1223.12,0.98,0.08
2016-01-20,1232.71,9.59,0.78
2016-01-21,1235.93,3.22,0.26
2016-01-25,1249.37,13.44,1.09
2016-01-26,1252.98,3.61,0.29
2016-01-27,1249,-3.98,-0.32
2016-01-28,1246.09,-2.91,-0.23
2016-02-01,1245.62,-0.47,-0.04
2016-02-02,1249.23,3.61,0.29
2016-02-03,1256.79,7.56,0.61
2016-02-04,1273.78,16.99,1.35
2016-02-08,1270.1,-3.68,-0.29
2016-02-09,1273.54,3.44,0.27
2016-02-10,1281.29,7.75,0.61
2016-02-11,1283.03,1.74,0.14
2016-02-15,1285.71,2.68,0.21
2016-02-16,1304.85,19.14,1.49
2016-02-17,1325.41,20.56,1.58
2016-02-18,1330.29,4.88,0.37
2016-02-22,1351.97,21.68,1.63
2016-02-23,1369.33,17.36,1.28
2016-02-24,1387.25,17.92,1.31
2016-02-25,1389.13,1.88,0.14
2016-02-29,1383.69,-5.44,-0.39
2016-03-01,1379.91,-3.78,-0.27
2016-03-02,1371.69,-8.22,-0.6
2016-03-03,1364.72,-6.97,-0.51
2016-03-07,1364.49,-0.23,-0.02
2016-03-08,1363.61,-0.88,-0.06
2016-03-09,1361.51,-2.1,-0.15
2016-03-10,1359.79,-1.72,-0.13
2016-03-14,1359.65,-0.14,-0.01
2016-03-15,1367.05,7.4,0.54
2016-03-16,1381.49,14.44,1.06
2016-03-17,1391.86,10.37,0.75
2016-03-22,1386.86,-5,-0.36
2016-03-23,1381.7,-5.16,-0.37
2016-03-24,1388.44,6.74,0.49
2016-03-28,1408.04,19.6,1.41
2016-03-29,1415.79,7.75,0.55
2016-03-30,1434.95,19.16,1.35
2016-03-31,1440.13,5.18,0.36
2016-04-04,1434.55,-5.58,-0.39
2016-04-05,1432.13,-2.42,-0.17
2016-04-06,1435.3,3.17,0.22
2016-04-07,1448.87,13.57,0.95
2016-04-11,1468.3,19.43,1.34
2016-04-12,1490.34,22.04,1.5
2016-04-13,1493.53,3.19,0.21
2016-04-14,1510.92,17.39,1.16
2016-04-18,1538.55,27.63,1.83
2016-04-19,1559.05,20.5,1.33
2016-04-20,1577.95,18.9,1.21
2016-04-21,1575.95,-2,-0.13
2016-04-25,1568.19,-7.76,-0.49
2016-04-26,1568.35,0.16,0.01
2016-04-27,1568.75,0.4,0.03
2016-04-28,1560.8,-7.95,-0.51
2016-05-02,1556.55,-4.25,-0.27
2016-05-03,1549.5,-7.05,-0.45
2016-05-04,1549.5,0,0
2016-05-05,1540.21,-9.29,-0.6
2016-05-09,1529.26,-10.95,-0.71
2016-05-10,1527.03,-2.23,-0.15
2016-05-11,1525.71,-1.32,-0.09
2016-05-12,1522.09,-3.62,-0.24
2016-05-16,1515.96,-6.13,-0.4
2016-05-17,1510.81,-5.15,-0.34
2016-05-18,1506.55,-4.26,-0.28
2016-05-19,1505.53,-1.02,-0.07
2016-05-23,1502.11,-3.42,-0.23
2016-05-24,1503.94,1.83,0.12
2016-05-25,1501.54,-2.4,-0.16
2016-05-26,1499.08,-2.46,-0.16
2016-05-30,1494.31,-4.77,-0.32
2016-05-31,1495.1,0.79,0.05
2016-06-01,1489.87,-5.23,-0.35
2016-06-02,1481.81,-8.06,-0.54
2016-06-06,1474.64,-7.17,-0.48
2016-06-07,1472.44,-2.2,-0.15
2016-06-08,1475.13,2.69,0.18
2016-06-09,1483.23,8.1,0.55
2016-06-13,1480.76,-2.47,-0.17
2016-06-14,1491.71,10.95,0.74
2016-06-15,1485.6,-6.11,-0.41
2016-06-16,1483.99,-1.61,-0.11
2016-06-20,1483.13,-0.86,-0.06
2016-06-21,1483.61,0.48,0.03
2016-06-22,1478.74,-4.87,-0.33
2016-06-23,1478.42,-0.32,-0.02
2016-06-27,1482.31,3.89,0.26
2016-06-28,1478.26,-4.05,-0.27
2016-06-29,1474.6,-3.66,-0.25
2016-06-30,1468.78,-5.82,-0.39
2016-07-04,1464.79,-3.99,-0.27
2016-07-05,1462.4,-2.39,-0.16
2016-07-11,1459.53,-2.87,-0.2
2016-07-12,1460.36,0.83,0.06
2016-07-13,1457.14,-3.22,-0.22
2016-07-14,1454.88,-2.26,-0.16
2016-07-18,1454.21,-0.67,-0.05
2016-07-19,1452.98,-1.23,-0.08
2016-07-20,1455.13,2.15,0.15
2016-07-21,1458.11,2.98,0.2
2016-07-25,1461.08,2.97,0.2
2016-07-26,1461.72,0.64,0.04
2016-07-27,1470.02,8.3,0.57
2016-07-28,1477.42,7.4,0.5
2016-08-01,1499.27,21.85,1.48
2016-08-02,1516.85,17.58,1.17
2016-08-03,1521.84,4.99,0.33
2016-08-04,1514.87,-6.97,-0.46
2016-08-08,1506.77,-8.1,-0.53
2016-08-09,1499.1,-7.67,-0.51
2016-08-10,1499.47,0.37,0.02
2016-08-11,1505.92,6.45,0.43
2016-08-15,1507.9,1.98,0.13
2016-08-16,1511.93,4.03,0.27
2016-08-17,1511.43,-0.5,-0.03
2016-08-18,1510.79,-0.64,-0.04
2016-08-22,1514.18,3.39,0.22
2016-08-23,1514.28,0.1,0.01
2016-08-24,1510.83,-3.45,-0.23
2016-08-25,1512.71,1.88,0.12
2016-08-29,1507.63,-5.08,-0.34
2016-08-30,1506.66,-0.97,-0.06
2016-08-31,1507.89,1.23,0.08
2016-09-01,1510.68,2.79,0.19
2016-09-05,1513.77,3.09,0.2
2016-09-06,1511.63,-2.14,-0.14
2016-09-07,1507.38,-4.25,-0.28
2016-09-08,1507.38,0,0
2016-09-19,1509.79,2.41,0.16
2016-09-20,1506.47,-3.32,-0.22
2016-09-21,1500.48,-5.99,-0.4
2016-09-22,1500.67,0.19,0.01
2016-09-26,1499.82,-0.85,-0.06
2016-09-27,1501.54,1.72,0.11
2016-09-28,1509.99,8.45,0.56
2016-09-29,1511.21,1.22,0.08
2016-10-03,1511.89,0.68,0.04
2016-10-04,1508.91,-2.98,-0.2
2016-10-05,1508.91,0,0
2016-10-10,1501.13,-7.78,-0.52
2016-10-11,1500.63,-0.5,-0.03
2016-10-12,1494.79,-5.84,-0.39
2016-10-13,1492.07,-2.72,-0.18
2016-10-17,1490.24,-1.83,-0.12
2016-10-18,1488.42,-1.82,-0.12
2016-10-19,1490.05,1.63,0.11
2016-10-20,1491.12,1.07,0.07
2016-10-24,1486.77,-4.35,-0.29
2016-10-25,1484.83,-1.94,-0.13
2016-10-26,1481.86,-2.97,-0.2
2016-10-27,1481.25,-0.61,-0.04
2016-10-31,1478.98,-2.27,-0.15
2016-11-01,1478.06,-0.92,-0.06
2016-11-02,1478.59,0.53,0.04
2016-11-03,1478.99,0.4,0.03
2016-11-07,1481.01,2.02,0.14
2016-11-08,1478.92,-2.09,-0.14
2016-11-09,1477.35,-1.57,-0.11
2016-11-10,1476.95,-0.4,-0.03
2016-11-14,1477.02,0.07,0
2016-11-15,1477.93,0.91,0.06
2016-11-16,1478.28,0.35,0.02
2016-11-17,1481.03,2.75,0.19
2016-11-21,1480.6,-0.43,-0.03
2016-11-22,1481.95,1.35,0.09
2016-11-23,1486.51,4.56,0.31
2016-11-24,1491.21,4.7,0.32
2016-11-28,1493.67,2.46,0.16
2016-11-29,1504.39,10.72,0.72
2016-11-30,1502.74,-1.65,-0.11
2016-12-01,1499.38,-3.36,-0.22
2016-12-05,1501.53,2.15,0.14
2016-12-06,1511.76,10.23,0.68
2016-12-07,1518.04,6.28,0.42
2016-12-08,1528.63,10.59,0.7
2016-12-12,1535.03,6.4,0.42
2016-12-13,1556.11,21.08,1.37
2016-12-14,1584.4,28.29,1.82
2016-12-15,1611.98,27.58,1.74
2016-12-19,1643.77,31.79,1.97
2016-12-20,1638.03,-5.74,-0.35
2016-12-21,1624.01,-14.02,-0.86
2016-12-22,1610.21,-13.8,-0.85
2016-12-26,1609.21,-1,-0.06
2016-12-27,1607.55,-1.66,-0.1
2016-12-28,1616.36,8.81,0.55
2016-12-29,1617.52,1.16,0.07
2017-01-02,1641.22,23.7,1.47
2017-01-03,1680.47,39.25,2.39
2017-01-04,1687.91,7.44,0.44
2017-01-05,1677.24,-10.67,-0.63
2017-01-09,1702.9,25.66,1.53
2017-01-10,1740.4,37.5,2.2
2017-01-11,1790.46,50.06,2.88
2017-01-12,1840.25,49.79,2.78
2017-01-16,1894,53.75,2.92
2017-01-17,1951.87,57.87,3.06
2017-01-18,1994.76,42.89,2.2
2017-01-19,1979.04,-15.72,-0.79
2017-01-23,2033.12,54.08,2.73
2017-01-24,2092.7,59.58,2.93
2017-01-25,2136.45,43.75,2.09
2017-01-26,2183.21,46.76,2.19
2017-01-30,2238.32,55.11,2.52
2017-01-31,2295.48,57.16,2.55
2017-02-01,2363.77,68.29,2.97
2017-02-02,2445,81.23,3.44
2017-02-06,2516.54,71.54,2.93
2017-02-07,2606.03,89.49,3.56
2017-02-08,2621.45,15.42,0.59
2017-02-09,2611.45,-10,-0.38
2017-02-13,2607.09,-4.36,-0.17
2017-02-14,2598.51,-8.58,-0.33
2017-02-15,2587.96,-10.55,-0.41
2017-02-16,2583.86,-4.1,-0.16
2017-02-20,2573.8,-10.06,-0.39
2017-02-21,2614.74,40.94,1.59
2017-02-22,2692.45,77.71,2.97
2017-02-23,2711.13,18.68,0.69
2017-02-27,2696.29,-14.84,-0.55
2017-02-28,2717.37,21.08,0.78
2017-03-01,2716.49,-0.88,-0.03
2017-03-02,2748.82,32.33,1.19
2017-03-06,2828.65,79.83,2.9
2017-03-07,2846.36,17.71,0.63
2017-03-08,2824.41,-21.95,-0.77
2017-03-09,2823.16,-1.25,-0.04
2017-03-13,2862.93,39.77,1.41
2017-03-14,2907,44.07,1.54
2017-03-15,2918.56,11.56,0.4
2017-03-16,2951.1,32.54,1.11
2017-03-20,2952.92,1.82,0.06
2017-03-22,2954.81,1.89,0.06
2017-03-23,2976.28,21.47,0.73
2017-03-27,2997.65,21.37,0.72
2017-03-28,3003.01,5.36,0.18
2017-03-29,3029.41,26.4,0.88
2017-03-30,3065.72,36.31,1.2
2017-04-03,3107.09,41.37,1.35
2017-04-04,3145.09,38,1.22
2017-04-05,3173.21,28.12,0.89
2017-04-06,3146.52,-26.69,-0.84
2017-04-10,3125.07,-21.45,-0.68
2017-04-11,3113.46,-11.61,-0.37
2017-04-12,3107.75,-5.71,-0.18
2017-04-13,3114.25,6.5,0.21
2017-04-18,3103.88,-10.37,-0.33
2017-04-19,3094.81,-9.07,-0.29
2017-04-20,3117.35,22.54,0.73
2017-04-23,3107.25,-10.1,-0.32
2017-04-24,3119.99,12.74,0.41
2017-04-25,3121.15,1.16,0.04
2017-04-26,3115.95,-5.2,-0.17
2017-04-27,3129.41,13.46,0.43
2017-05-02,3129.02,-0.39,-0.01
2017-05-03,3123.49,-5.53,-0.18
2017-05-04,3133.5,10.01,0.32
2017-05-07,3175.72,42.22,1.35
2017-05-08,3161.68,-14.04,-0.44
2017-05-09,3140.36,-21.32,-0.67
2017-05-10,3113.51,-26.85,-0.85
2017-05-11,3114.93,1.42,0.05
2017-05-14,3112.01,-2.92,-0.09
2017-05-15,3102.09,-9.92,-0.32
2017-05-16,3106.96,4.87,0.16
2017-05-17,3095.7,-11.26,-0.36
2017-05-18,3081.7,-14,-0.45
2017-05-21,3075.01,-6.69,-0.22
2017-05-22,3057.19,-17.82,-0.58
2017-05-23,3050.75,-6.44,-0.21
2017-05-24,3039.56,-11.19,-0.37
2017-05-25,3032.14,-7.42,-0.24
2017-05-28,3013.34,-18.8,-0.62
2017-05-29,2995.7,-17.64,-0.59
2017-05-30,2980.39,-15.31,-0.51
2017-05-31,2969.61,-49.9,-1.65
2017-06-01,2963.79,-5.82,-0.2
2017-06-04,2963.79,0,0
2017-06-05,2945.78,-18.01,-0.61
2017-06-06,2939.98,-5.8,-0.2
2017-06-07,2938.73,-1.25,-0.04
2017-06-08,2934.81,-3.92,-0.13
2017-06-11,2936.78,1.97,0.07
2017-06-12,2937.28,0.5,0.02
2017-06-13,2938.36,1.08,0.04
2017-06-14,2914.3,-24.06,-0.82
2017-06-15,2896.09,-18.21,-0.62
2017-06-18,2886.61,-9.48,-0.33
2017-06-19,2868.92,-17.69,-0.61
2017-06-20,2860.42,-8.5,-0.3
2017-06-21,2863.32,2.9,0.1
2017-06-22,2849.05,-14.27,-0.5
2017-07-02,2834.32,-14.73,-0.52
2017-07-03,2815.74,-18.58,-0.66
2017-07-04,2800.05,-15.69,-0.56
2017-07-05,2791.33,-8.72,-0.31
2017-07-06,2813.76,22.43,0.8
2017-07-09,2859.79,46.03,1.64
2017-07-10,2896.59,36.8,1.29
2017-07-11,2941.94,45.35,1.57
2017-07-12,2978.74,36.8,1.25
2017-07-13,3000.96,22.22,0.75
2017-07-16,2979.38,-21.58,-0.72
2017-07-17,2954.74,-24.64,-0.83
2017-07-18,2936.22,-18.52,-0.63
2017-07-19,2939.09,2.87,0.1
2017-07-20,2980.36,41.27,1.4
2017-07-23,3001.05,20.69,0.69
2017-07-24,2978.68,-22.37,-0.75
2017-07-25,2956.58,-22.1,-0.74
2017-07-26,2939.38,-17.2,-0.58
2017-07-27,2919.3,-20.08,-0.68
2017-07-30,2912.2,-7.1,-0.24
2017-07-31,2934.28,22.08,0.76
2017-08-01,2917.98,-16.3,-0.56
2017-08-02,2904.87,-13.11,-0.45
2017-08-03,2898.5,-6.37,-0.22
2017-08-06,2910.73,12.23,0.42
2017-08-07,2929,18.27,0.63
2017-08-08,2937.14,8.14,0.28
2017-08-09,2953.32,16.18,0.55
2017-08-10,2955.74,2.42,0.08
2017-08-13,2953.63,-2.11,-0.07
2017-08-14,2956.83,3.2,0.11
2017-08-15,2943.94,-12.89,-0.44
2017-08-16,2931.05,-12.89,-0.44
2017-08-17,2949.94,18.89,0.64
2017-08-20,2963.41,13.47,0.46
2017-08-21,2953.37,-10.04,-0.34
2017-08-22,2941.62,-11.75,-0.4
2017-08-23,2924.18,-17.44,-0.59
2017-08-24,2929.58,5.4,0.18
2017-08-27,2941.54,11.96,0.41
2017-08-28,2938.67,-2.87,-0.1
2017-08-29,2968.05,29.38,1
2017-08-30,2970.91,2.86,0.1
2017-08-31,2978.26,7.35,0.25
2017-09-05,3010.88,32.62,1.1
2017-09-06,3050.24,39.36,1.31
2017-09-07,3070.24,20,0.66
2017-09-10,3085.59,15.35,0.5
2017-09-11,3080.43,-5.16,-0.17
2017-09-12,3101.85,21.42,0.7
2017-09-13,3120.67,18.82,0.61
2017-09-14,3128.34,7.67,0.25
2017-09-17,3127.48,-0.86,-0.03
2017-09-18,3140.36,12.88,0.41
2017-09-19,3141.34,0.98,0.03
2017-09-20,3150.43,9.09,0.29
2017-09-24,3156.33,5.9,0.19
2017-09-25,3171.2,14.87,0.47
2017-09-26,3186.25,15.05,0.47
2017-09-27,3226.74,40.49,1.27
2017-09-28,3252.89,26.15,0.81
2017-10-01,3292.94,40.05,1.23
2017-10-02,3371.55,78.61,2.39
2017-10-03,3402.7,31.15,0.92
2017-10-04,3442.07,39.37,1.16
2017-10-05,3488.82,46.75,1.36
2017-10-08,3522.75,33.93,0.97
2017-10-09,3519.4,-3.35,-0.1
2017-10-10,3487.17,-32.23,-0.92
2017-10-11,3470.14,-17.03,-0.49
2017-10-12,3491.48,21.34,0.61
2017-10-15,3555.4,63.92,1.83
2017-10-16,3640.37,84.97,2.39
2017-10-17,3739.84,99.47,2.73
2017-10-18,3881.53,141.69,3.79
2017-10-19,4008.56,127.03,3.27
2017-10-22,4082.09,73.53,1.83
2017-10-23,4055.57,-26.52,-0.65
2017-10-24,4046.24,-9.33,-0.23
2017-10-25,4007.13,-39.11,-0.97
2017-10-26,3997.56,-9.57,-0.24
2017-10-29,4020.83,23.27,0.58
2017-10-30,4076.54,55.71,1.39
2017-10-31,4121.61,45.07,1.11
2017-11-01,4110.83,-10.78,-0.26
2017-11-02,4104.21,-6.62,-0.16
2017-11-05,4128.05,23.84,0.58
2017-11-06,4146.36,18.31,0.44
2017-11-07,4162.64,16.28,0.39
2017-11-08,4184.08,21.44,0.52
2017-11-09,4190.15,6.07,0.15
2017-11-12,4184.41,-5.74,-0.14
2017-11-13,4142.58,-41.83,-1
2017-11-14,4150.16,7.58,0.18
2017-11-15,4184.7,34.54,0.83
2017-11-16,4247.17,62.47,1.49
2017-11-19,4277.84,30.67,0.72
2017-11-20,4292.74,14.9,0.35
2017-11-21,4304.84,12.1,0.28
2017-11-22,4295.31,-9.53,-0.22
2017-11-23,4350.34,55.03,1.28
2017-11-26,4408.17,57.83,1.33
2017-11-27,4527.65,119.48,2.71
2017-11-28,4662.87,135.22,2.99
2017-11-29,4658.25,-4.62,-0.1
2017-12-03,4715.33,57.08,1.23
2017-12-04,4790.64,75.31,1.6
2017-12-05,4832.74,42.1,0.88
2017-12-06,4963.78,131.04,2.71
2017-12-07,5098.84,135.06,2.72
2017-12-10,5255.75,156.91,3.08
2017-12-11,5393.86,138.11,2.63
2017-12-12,5468.76,74.9,1.39
2017-12-13,5488.29,19.53,0.36
2017-12-14,5429.84,-58.45,-1.06
2017-12-17,5466.26,36.42,0.67
2017-12-18,5542.6,76.34,1.4
2017-12-19,5594.22,51.62,0.93
2017-12-20,5582.84,-11.38,-0.2
2017-12-21,5589.45,6.61,0.12
2017-12-26,5699.55,110.1,1.97
2017-12-27,5835.52,135.97,2.39
2017-12-28,5982.74,147.22,2.52
2018-01-02,5954.93,-27.81,-0.46
2018-01-03,5907.15,-47.78,-0.8
2018-01-04,5904.72,-2.43,-0.04
2018-01-07,5849.22,-55.5,-0.94
2018-01-08,5822.3,-26.92,-0.46
2018-01-09,5822.17,-0.13,0
2018-01-10,5852.01,29.84,0.51
2018-01-11,5849.35,-2.66,-0.05
2018-01-14,5942.2,92.85,1.59
2018-01-15,5920.19,-22.01,-0.37
2018-01-16,5924.46,4.27,0.07
2018-01-17,5916.04,-8.42,-0.14
2018-01-18,5897.41,-18.63,-0.31
2018-01-21,5895.87,-1.54,-0.03
2018-01-22,5898.09,2.22,0.04
2018-01-23,5881.43,-16.66,-0.28
2018-01-24,5862.57,-18.86,-0.32
2018-01-25,5849.41,-13.16,-0.22
2018-01-28,5817.44,-31.97,-0.55
2018-01-29,5813.54,-3.9,-0.07
2018-01-30,5809.45,-4.09,-0.07
2018-01-31,5919.64,110.19,1.9
2018-02-01,5984.77,65.13,1.1
2018-02-04,5973.72,-11.05,-0.18
2018-02-05,5977.63,3.91,0.07
2018-02-06,5978.22,0.59,0.01
2018-02-07,5951.88,-26.34,-0.44
2018-02-08,5947.2,-4.68,-0.08
2018-02-11,5917.78,-29.42,-0.49
2018-02-12,5862.43,-55.35,-0.94
2018-02-13,5817.96,-44.47,-0.76
2018-02-14,5828.53,10.57,0.18
2018-02-15,5881.46,52.93,0.91
2018-02-18,5995.93,114.47,1.95
2018-02-19,6120.22,124.29,2.07
2018-02-20,6207.35,87.13,1.42
2018-02-21,6272.2,64.85,1.04
2018-02-22,6221.29,-50.91,-0.81
2018-02-25,6202.33,-18.96,-0.3
2018-02-26,6228.08,25.75,0.42
2018-02-27,6221.32,-6.76,-0.11
2018-02-28,6249.61,28.29,0.45
2018-03-01,6213.83,-35.78,-0.57
2018-03-04,6250.76,36.93,0.59
2018-03-05,6294.31,43.55,0.7
2018-03-06,6244.42,-49.89,-0.79
2018-03-07,6195.72,-48.7,-0.78
2018-03-08,6167.46,-28.26,-0.46
2018-03-11,6214.61,47.15,0.76
2018-03-12,6188.14,-26.47,-0.43
2018-03-13,6135.99,-52.15,-0.84
2018-03-14,6090.45,-45.54,-0.74
2018-03-15,6067.28,-23.17,-0.38
2018-03-18,6022.18,-45.1,-0.74
2018-03-19,6000.32,-21.86,-0.36
2018-03-20,6017.09,16.77,0.28
2018-03-25,6185.96,168.87,2.81
2018-03-26,6233.14,47.18,0.76
2018-03-27,6203.21,-29.93,-0.48
2018-03-28,6153.72,-49.49,-0.8
2018-03-29,6124.15,-29.57,-0.48
2018-04-02,6113.53,-10.62,-0.17
2018-04-03,6070.67,-42.86,-0.7
2018-04-04,6033.61,-37.06,-0.61
2018-04-05,6035.93,2.32,0.04
2018-04-09,6013.18,-22.75,-0.38
2018-04-10,6041.73,28.55,0.47
2018-04-11,6005.19,-36.54,-0.6
2018-04-12,5959.78,-45.41,-0.76
2018-04-15,6037.91,78.13,1.31
2018-04-16,6095.02,57.11,0.95
2018-04-18,6103.15,8.13,0.13
2018-04-19,6077.78,-25.37,-0.42
2018-04-22,6080.31,2.53,0.04
2018-04-23,6059.23,-21.08,-0.35
2018-04-24,6053.47,-5.76,-0.1
2018-04-25,6046.79,-6.68,-0.11
2018-04-26,6019.06,-27.73,-0.46
2018-04-29,6022.76,3.7,0.06
2018-04-30,5989,-33.76,-0.56
2018-05-02,5970.85,-18.15,-0.3
2018-05-03,5925.86,-44.99,-0.75
2018-05-07,5916.12,-9.74,-0.16
2018-05-08,5907.18,-8.94,-0.15
2018-05-09,5852.92,-54.26,-0.92
2018-05-10,5811.65,-41.27,-0.71
2018-05-13,5799.52,-12.13,-0.21
2018-05-14,5798.45,-1.07,-0.02
2018-05-15,5775,-23.45,-0.4
2018-05-16,5769.93,-5.07,-0.09
2018-05-17,5729.02,-40.91,-0.71
2018-05-20,5701.53,-27.49,-0.48
2018-05-21,5655.3,-46.23,-0.81
2018-05-22,5607.11,-48.19,-0.85
2018-05-23,5587.67,-19.44,-0.35
2018-05-24,5710.01,122.34,2.19
2018-05-27,5777.64,67.63,1.18
2018-05-28,5751.07,-26.57,-0.46
2018-05-29,5717.05,-34.02,-0.59
2018-05-30,5686.61,-30.44,-0.53
2018-05-31,5650.2,-36.41,-0.64
2018-06-03,5648.55,-1.65,-0.03
2018-06-04,5701.72,53.17,0.94
2018-06-05,5737.47,35.75,0.63
2018-06-06,5707.54,-29.93,-0.52
2018-06-07,5687.07,-20.47,-0.36
2018-06-10,5692.62,5.55,0.1
2018-06-11,5690.29,-2.33,-0.04
2018-06-12,5683.58,-6.71,-0.12
2018-06-13,5678.49,-5.09,-0.09
2018-06-14,5688.44,9.95,0.18
2018-06-18,5703.79,15.35,0.27
2018-06-19,5694.89,-8.9,-0.16
2018-06-20,5685.17,-9.72,-0.17
2018-06-21,5692.43,7.26,0.13
2018-06-24,5674.81,-17.62,-0.31
2018-06-25,5674.5,-0.31,-0.01
2018-06-26,5665.59,-8.91,-0.16
2018-06-27,5672.47,6.88,0.12
2018-06-28,5673.84,1.37,0.02
2018-07-01,5653.37,-20.47,-0.36
2018-07-02,5635.17,-18.2,-0.32
2018-07-03,5596.4,-38.77,-0.69
2018-07-04,5587.74,-8.66,-0.15
2018-07-05,5596.93,9.19,0.16
2018-07-08,5598.04,1.11,0.02
2018-07-09,5599.43,1.39,0.02
2018-07-10,5608.03,8.6,0.15
2018-07-11,5575.01,-33.02,-0.59
2018-07-12,5584.15,9.14,0.16
2018-07-15,5579.92,-4.23,-0.08
2018-07-16,5554.69,-25.23,-0.45
2018-07-17,5623.18,68.49,1.23
2018-07-18,5654.55,31.37,0.56
2018-07-19,5651.06,-3.49,-0.06
2018-07-22,5614.22,-36.84,-0.65
2018-07-23,5583.83,-30.39,-0.54
2018-07-24,5547.79,-36.04,-0.65
2018-07-25,5566.85,19.06,0.34
2018-07-26,5596.59,29.74,0.53
2018-07-29,5590.46,-6.13,-0.11
2018-07-30,5563.26,-27.2,-0.49
2018-07-31,5528.66,-34.6,-0.62
2018-08-01,5505.21,-23.45,-0.42
2018-08-02,5540.09,34.88,0.63
2018-08-05,5619.23,79.14,1.43
2018-08-06,5742.92,123.69,2.2
2018-08-07,5894,151.08,2.63
2018-08-08,5901.55,7.55,0.13
2018-08-09,6033.8,132.25,2.24
2018-08-12,6037.71,3.91,0.06
2018-08-13,6071.31,33.6,0.56
2018-08-14,6199.38,128.07,2.11
2018-08-15,6165.91,-33.47,-0.54
2018-08-16,6122.33,-43.58,-0.71
2018-08-26,6105.14,-17.19,-0.28
2018-08-27,6081.84,-23.3,-0.38
2018-08-28,6050.4,-31.44,-0.52
2018-08-29,6048.33,-2.07,-0.03
2018-08-30,6061.01,12.68,0.21
2018-09-02,6168.33,107.32,1.77
2018-09-03,6135.23,-33.1,-0.54
2018-09-04,6099.13,-36.1,-0.59
2018-09-05,6063.96,-35.17,-0.58
2018-09-06,6052.72,-11.24,-0.19
2018-09-09,6076.16,23.44,0.39
2018-09-10,6109.6,33.44,0.55
2018-09-12,6130.8,21.2,0.35
2018-09-13,6134.81,4.01,0.07
2018-09-16,6125.51,-9.3,-0.15
2018-09-17,6081.13,-44.38,-0.72
2018-09-18,6083.62,2.49,0.04
2018-09-19,6159.04,75.42,1.24
2018-09-20,6185.09,26.05,0.42
2018-09-23,6222.84,37.75,0.61
2018-09-24,6307.34,84.5,1.36
2018-09-25,6239.15,-68.19,-1.08
2018-09-26,6180.03,-59.12,-0.95
2018-09-27,6143.9,-36.13,-0.58
2018-09-30,6205.05,61.15,1
2018-10-01,6208.83,3.78,0.06
2018-10-02,6195.54,-13.29,-0.21
2018-10-03,6154.44,-41.1,-0.66
2018-10-04,6187.28,32.84,0.53
2018-10-07,6189.55,2.27,0.04
2018-10-08,6204.75,15.2,0.25
2018-10-09,6188.18,-16.57,-0.27
2018-10-10,6200.03,11.85,0.19
2018-10-11,6204.99,4.96,0.08
2018-10-14,6196.39,-8.6,-0.14
2018-10-15,6199.66,3.27,0.05
2018-10-16,6226.44,26.78,0.43
2018-10-17,6249.55,23.11,0.37
2018-10-18,6259.9,10.35,0.17
2018-10-21,6282.52,22.62,0.36
2018-10-22,6315.83,33.31,0.53
2018-10-23,6337.91,22.08,0.35
2018-10-24,6356.64,18.73,0.3
2018-10-25,6343.07,-13.57,-0.21
2018-10-28,6322.65,-20.42,-0.32
2018-10-29,6295.32,-27.33,-0.43
2018-10-30,6274.08,-21.24,-0.34
2018-10-31,6275.57,1.49,0.02
2018-11-01,6277.2,1.63,0.03
2018-11-04,6291.57,14.37,0.23
2018-11-05,6295.62,4.05,0.06
2018-11-06,6284.78,-10.84,-0.17
2018-11-07,6237.93,-46.85,-0.75
2018-11-08,6219.73,-18.2,-0.29
2018-11-11,6214.88,-4.85,-0.08
2018-11-12,6258.49,43.61,0.7
2018-11-13,6224.18,-34.31,-0.55
2018-11-14,6211.89,-12.29,-0.2
2018-11-15,6243.98,32.09,0.52
2018-11-18,6230.87,-13.11,-0.21
2018-11-19,6251.05,20.18,0.32
2018-11-21,6247.94,-3.11,-0.05
2018-11-22,6236.51,-11.43,-0.18
2018-11-25,6240.21,3.7,0.06
2018-11-26,6245.88,5.67,0.09
2018-11-27,6260.55,14.67,0.23
2018-11-28,6218.54,-42.01,-0.67
2018-11-29,6222.71,4.17,0.07
2018-12-02,6214.35,-8.36,-0.13
2018-12-03,6234.6,20.25,0.33
2018-12-04,6224.55,-10.05,-0.16
2018-12-05,6200.07,-24.48,-0.39
2018-12-06,6183.12,-16.95,-0.27
2018-12-09,6174.31,-8.81,-0.14
2018-12-10,6180.41,6.1,0.1
2018-12-11,6241.44,61.03,0.99
2018-12-12,6258.83,17.39,0.28
2018-12-13,6223.21,-35.62,-0.57
2018-12-16,6230,6.79,0.11
2018-12-17,6224.05,-5.95,-0.1
2018-12-18,6200.25,-23.8,-0.38
2018-12-19,6188.49,-11.76,-0.19
2018-12-20,6221.57,33.08,0.53
2018-12-23,6190.65,-30.92,-0.5
2018-12-24,6183.11,-7.54,-0.12
2018-12-26,6168.06,-15.05,-0.24
2018-12-27,6160.73,-7.33,-0.12
2018-12-30,6179.58,18.85,0.31
2018-12-31,6190.12,10.54,0.17
2019-01-06,6149.41,-40.71,-0.66
2019-01-07,6187.19,37.78,0.61
2019-01-08,6164.02,-23.17,-0.37
2019-01-09,6147.23,-16.79,-0.27
2019-01-10,6146.96,-0.27,0
2019-01-13,6149.72,2.76,0.04
2019-01-14,6164.81,15.09,0.25
2019-01-15,6154.73,-10.08,-0.16
2019-01-16,6220.83,66.1,1.07
2019-01-17,6196.21,-24.62,-0.4
2019-01-20,6177.73,-18.48,-0.3
2019-01-21,6167.94,-9.79,-0.16
2019-01-22,6140.45,-27.49,-0.45
2019-01-23,6151.39,10.94,0.18
2019-01-24,6146.61,-4.78,-0.08
2019-01-27,6107.31,-39.3,-0.64
2019-01-28,6092.12,-15.19,-0.25
2019-01-29,6078.34,-13.78,-0.23
2019-01-30,6058.84,-19.5,-0.32
2019-01-31,6045.49,-13.35,-0.22
2019-02-03,6026.67,-18.82,-0.31
2019-02-04,6027.47,0.8,0.01
2019-02-05,6055.41,27.94,0.46
2019-02-06,6116.69,61.28,1.01
2019-02-07,6154.61,37.92,0.62
2019-02-10,6156.49,1.88,0.03
2019-02-11,6156,-0.49,-0.01
2019-02-12,6171.69,15.69,0.25
2019-02-13,6169.11,-2.58,-0.04
2019-02-14,6144.7,-24.41,-0.4
2019-02-17,6177.81,33.11,0.54
2019-02-18,6170.86,-6.95,-0.11
2019-02-19,6158.08,-12.78,-0.21
2019-02-20,6153.35,-4.73,-0.08
2019-02-21,6146.06,-7.29,-0.12
2019-02-24,6153.7,7.64,0.12
2019-02-25,6218.7,65,1.06
2019-02-26,6203.68,-15.02,-0.24
2019-02-27,6194.44,-9.24,-0.15
2019-02-28,6182.16,-12.28,-0.2
2019-03-03,6196.38,14.22,0.23
2019-03-04,6163.42,-32.96,-0.53
2019-03-05,6185.18,21.76,0.35
2019-03-06,6194.18,9,0.15
2019-03-07,6219.27,25.09,0.41
2019-03-10,6172.54,-46.73,-0.75
2019-03-11,6149.28,-23.26,-0.38
2019-03-12,6126.84,-22.44,-0.36
2019-03-13,6073.33,-53.51,-0.87
2019-03-14,6072.33,-1,-0.02
2019-03-17,6112.87,40.54,0.67
2019-03-18,6083.35,-29.52,-0.48
2019-03-19,6067.14,-16.21,-0.27
2019-03-20,6084.37,17.23,0.28
2019-03-24,6100.69,16.32,0.27
2019-03-25,6100.57,-0.12,0
2019-03-26,6095.53,-5.04,-0.08
2019-03-27,6104.5,8.97,0.15
2019-03-28,6112.17,7.67,0.13
2019-03-31,6173.49,61.32,1
2019-04-01,6137.1,-36.39,-0.59
2019-04-02,6113.62,-23.48,-0.38
2019-04-03,6124.74,11.12,0.18
2019-04-04,6141.2,16.46,0.27
2019-04-07,6191.35,50.15,0.82
2019-04-08,6189.82,-1.53,-0.02
2019-04-09,6170.95,-18.87,-0.3
2019-04-10,6215.49,44.54,0.72
2019-04-11,6211.69,-3.8,-0.06
2019-04-14,6184.03,-27.66,-0.45
2019-04-15,6184.05,0.02,0
2019-04-16,6190.65,6.6,0.11
2019-04-22,6204.63,13.98,0.23
2019-04-23,6194.62,-10.01,-0.16
2019-04-24,6169.75,-24.87,-0.4
2019-04-25,6128.55,-41.2,-0.67
2019-04-29,6106.19,-22.36,-0.36
2019-04-30,6091.88,-14.31,-0.23
2019-05-07,6069.99,-21.89,-0.36
2019-05-08,6049.79,-20.2,-0.33
2019-05-09,6072.88,23.09,0.38
2019-05-12,6111.22,38.34,0.63
2019-05-13,6119.27,8.05,0.13
2019-05-14,6118.79,-0.48,-0.01
2019-05-15,6102.04,-16.75,-0.27
2019-05-16,6084.4,-17.64,-0.29
2019-05-19,6088.35,3.95,0.06
2019-05-20,6109.88,21.53,0.35
2019-05-21,6104.32,-5.56,-0.09
2019-05-22,6091.02,-13.3,-0.22
2019-05-23,6094.67,3.65,0.06
2019-05-26,6089.19,-5.48,-0.09
2019-05-27,6085.84,-3.35,-0.06
2019-05-28,6072.05,-13.79,-0.23
2019-05-29,6059.36,-12.69,-0.21
2019-05-30,6054.54,-4.82,-0.08
2019-06-02,6063.84,9.3,0.15
2019-06-03,6068.11,4.27,0.07
2019-06-09,6070.35,2.24,0.04
2019-06-10,6076.76,6.41,0.11
2019-06-11,6099.61,22.85,0.38
2019-06-12,6078.79,-20.82,-0.34
2019-06-13,6053.97,-24.82,-0.41
2019-06-16,6023.44,-30.53,-0.5
2019-06-17,5989.19,-34.25,-0.57
2019-06-18,6026.09,36.9,0.62
2019-06-19,6025.22,-0.87,-0.01
2019-06-20,6030.22,5,0.08
2019-06-23,6023.73,-6.49,-0.11
2019-06-24,6013.08,-10.65,-0.18
2019-06-25,5972.39,-40.69,-0.68
2019-06-26,5958.9,-13.49,-0.23
2019-06-27,5944.31,-14.59,-0.24
2019-06-30,5957.74,13.43,0.23
2019-07-01,5956.25,-1.49,-0.03
2019-07-02,5945.37,-10.88,-0.18
2019-07-03,5939.61,-5.76,-0.1
2019-07-04,5912.38,-27.23,-0.46
2019-07-07,5888.75,-23.63,-0.4
2019-07-08,5859.54,-29.21,-0.5
2019-07-09,5873.48,13.94,0.24
2019-07-10,5907.09,33.61,0.57
2019-07-11,5898.91,-8.18,-0.14
2019-07-14,5874.98,-23.93,-0.41
2019-07-15,5876.52,1.54,0.03
2019-07-16,5881.82,5.3,0.09
2019-07-17,5926.09,44.27,0.75
2019-07-18,5949.02,22.93,0.39
2019-07-21,5981.19,32.17,0.54
2019-07-22,6001.37,20.18,0.34
2019-07-23,6059.99,58.62,0.98
2019-07-24,6062.55,2.56,0.04
2019-07-25,6040.11,-22.44,-0.37
2019-07-28,6046.25,6.14,0.1
2019-07-29,6033.14,-13.11,-0.22
2019-07-30,6019.96,-13.18,-0.22
2019-07-31,6028.79,8.83,0.15
2019-08-01,6025.23,-3.56,-0.06
2019-08-04,6003.07,-22.16,-0.37
2019-08-05,5983.04,-20.03,-0.33
2019-08-06,5976.07,-6.97,-0.12
2019-08-07,5952.61,-23.46,-0.39
2019-08-08,5984.49,31.88,0.54
2019-08-18,5990.92,6.43,0.11
2019-08-19,5980.45,-10.47,-0.17
2019-08-20,5979.45,-1,-0.02
2019-08-21,5993.45,14,0.23
2019-08-22,6019.37,25.92,0.43
2019-08-25,6027.96,8.59,0.14
2019-08-26,6001.62,-26.34,-0.44
2019-08-27,6016.58,14.96,0.25
2019-08-28,6024.48,7.9,0.13
2019-08-29,6041.45,16.97,0.28
2019-09-02,6000.22,-41.23,-0.68
2019-09-03,6012.84,12.62,0.21
2019-09-04,6013.27,0.43,0.01
2019-09-05,6018.32,5.05,0.08
2019-09-08,5966.42,-51.9,-0.86
2019-09-09,5941.33,-25.09,-0.42
2019-09-10,5944.54,3.21,0.05
2019-09-11,5913.76,-30.78,-0.52
2019-09-12,5918.97,5.21,0.09
2019-09-15,5900.61,-18.36,-0.31
2019-09-16,5852.46,-48.15,-0.82
2019-09-17,5831.21,-21.25,-0.36
2019-09-18,5837.04,5.83,0.1
2019-09-19,5823.16,-13.88,-0.24
2019-09-22,5813.59,-9.57,-0.16
2019-09-23,5794.55,-19.04,-0.33
2019-09-24,5717.88,-76.67,-1.32
2019-09-25,5690.64,-27.24,-0.48
2019-09-26,5672.11,-18.53,-0.33
2019-09-29,5675.14,3.03,0.05
2019-09-30,5668.25,-6.89,-0.12
2019-10-01,5664.35,-3.9,-0.07
2019-10-02,5655.79,-8.56,-0.15
2019-10-03,5617.36,-38.43,-0.68
2019-10-07,5594.41,-22.95,-0.41
2019-10-08,5577.04,-17.37,-0.31
2019-10-09,5554.14,-22.9,-0.41
2019-10-10,5531.13,-23.01,-0.41
2019-10-13,5507.76,-23.37,-0.42
2019-10-14,5552.59,44.83,0.81
2019-10-15,5600.86,48.27,0.87
2019-10-16,5647.23,46.37,0.83
2019-10-17,5616.94,-30.29,-0.54
2019-10-20,5625.23,8.29,0.15
2019-10-21,5645.85,20.62,0.37
2019-10-22,5642.29,-3.56,-0.06
2019-10-23,5660.04,17.75,0.31
2019-10-24,5708.04,48,0.85
2019-10-27,5721.3,13.26,0.23
2019-10-28,5745.47,24.17,0.42
2019-10-29,5761.15,15.68,0.27
2019-10-30,5759.84,-1.31,-0.02
2019-10-31,5743.83,-16.01,-0.28
2019-11-03,5734.9,-8.93,-0.16
2019-11-04,5715.34,-19.56,-0.34
2019-11-05,5689.17,-26.17,-0.46
2019-11-06,5697.26,8.09,0.14
2019-11-07,5697.46,0.2,0
2019-11-11,5678.98,-18.48,-0.32
2019-11-12,5645.32,-33.66,-0.59
2019-11-13,5632.82,-12.5,-0.22
2019-11-14,5614.14,-18.68,-0.33
2019-11-17,5595.64,-18.5,-0.33
2019-11-18,5594.27,-1.37,-0.02
2019-11-19,5598.23,3.96,0.07
2019-11-20,5562.88,-35.35,-0.63
2019-11-21,5526.64,-36.24,-0.65
2019-11-24,5514.73,-11.91,-0.22
2019-11-25,5506.02,-8.71,-0.16
2019-11-26,5507.89,1.87,0.03
2019-11-27,5505.44,-2.45,-0.04
2019-11-28,5517.11,11.67,0.21
2019-12-01,5489.64,-27.47,-0.5
2019-12-02,5462.92,-26.72,-0.49
2019-12-03,5430.56,-32.36,-0.59
2019-12-04,5441.56,11,0.2
2019-12-05,5541.46,99.9,1.84
2019-12-08,5615.44,73.98,1.34
2019-12-09,5609.74,-5.7,-0.1
2019-12-10,5584.85,-24.89,-0.44
2019-12-11,5549.52,-35.33,-0.63
2019-12-12,5538.84,-10.68,-0.19
2019-12-15,5553.15,14.31,0.26
2019-12-16,5587,33.85,0.61
2019-12-17,5644.4,57.4,1.03
2019-12-18,5648.8,4.4,0.08
2019-12-19,5668.27,19.47,0.34
2019-12-22,5668.01,-0.26,0
2019-12-23,5677.72,9.71,0.17
2019-12-24,5767.62,89.9,1.58
2019-12-29,5797.27,29.65,0.51
2019-12-30,5837.65,40.38,0.7
2019-12-31,5836.58,-1.07,-0.02
2020-01-05,5836.17,-0.41,-0.01
2020-01-06,5820.27,-15.9,-0.27
2020-01-07,5796.14,-24.13,-0.41
2020-01-08,5794.03,-2.11,-0.04
2020-01-09,5800.16,6.13,0.11
2020-01-12,5796.7,-3.46,-0.06
2020-01-13,5795.02,-1.68,-0.03
2020-01-14,5781.06,-13.96,-0.24
2020-01-15,5775.13,-5.93,-0.1
2020-01-16,5791.9,16.77,0.29
2020-01-19,5828.52,36.62,0.63
2020-01-20,5868.28,39.76,0.68
2020-01-21,5916.58,48.3,0.82
2020-01-22,5908.27,-8.31,-0.14
2020-01-23,5884.74,-23.53,-0.4
2020-01-26,5878.25,-6.49,-0.11
2020-01-27,5876.65,-1.6,-0.03
2020-01-28,5881.94,5.29,0.09
2020-01-29,5895.87,13.93,0.24
2020-01-30,5905.62,9.75,0.17
2020-02-02,5907.02,1.4,0.02
2020-02-03,5923.25,16.23,0.27
2020-02-04,5928.75,5.5,0.09
2020-02-05,5992.85,64.1,1.08
2020-02-06,6064.01,71.16,1.19
2020-02-09,6128.5,64.49,1.06
2020-02-10,6144.89,16.39,0.27
2020-02-11,6165.07,20.18,0.33
2020-02-12,6200.97,35.9,0.58
2020-02-13,6199.97,-1,-0.02
2020-02-16,6224.41,24.44,0.39
2020-02-17,6362.74,138.33,2.22
2020-02-18,6383.3,20.56,0.32
2020-02-19,6361.16,-22.14,-0.35
2020-02-20,6331.12,-30.04,-0.47
2020-02-23,6311.67,-19.45,-0.31
2020-02-24,6295.43,-16.24,-0.26
2020-02-25,6350.49,55.06,0.87
2020-02-26,6387.09,36.6,0.58
2020-02-27,6365.75,-21.34,-0.33
2020-03-01,6334.77,-30.98,-0.49
2020-03-02,6334.08,-0.69,-0.01
2020-03-03,6328.39,-5.69,-0.09
2020-03-04,6346.27,17.88,0.28
2020-03-05,6326.78,-19.49,-0.31
2020-03-08,6337.61,10.83,0.17
2020-03-09,6314.78,-22.83,-0.36
2020-03-10,6309.83,-4.95,-0.08
2020-03-11,6343.79,33.96,0.54
2020-03-12,6334.4,-9.39,-0.15
2020-03-15,6317.92,-16.48,-0.26
2020-03-16,6296.38,-21.54,-0.34
2020-03-17,6250.26,-46.12,-0.73
2020-03-18,6227.99,-22.27,-0.36
2020-03-19,6183.26,-44.73,-0.72
2020-03-22,6138.1,-45.16,-0.73
2020-03-23,6094.95,-43.15,-0.7
2020-03-24,6137.09,42.14,0.69
2020-03-30,6114.24,-22.85,-0.37
2020-04-06,6101.21,-13.03,-0.21
2020-04-13,6163.4,62.19,1.02
2020-04-20,6169.42,6.02,0.1
2020-04-27,6240.68,71.26,1.16
2020-05-04,6307.37,66.69,1.07
2020-05-11,6376.8,69.43,1.1
2020-05-18,6466.64,89.84,1.41
2020-05-19,6520.21,53.57,0.83
2020-05-20,6646.25,126.04,1.93
2020-05-21,6662.32,16.07,0.24
2020-05-31,6627.66,-34.66,-0.52
2020-06-01,6558.11,-69.55,-1.05
2020-06-02,6509.37,-48.74,-0.74
2020-06-03,6482.91,-26.46,-0.41
2020-06-04,6502.56,19.65,0.3
2020-06-07,6603.45,100.89,1.55
2020-06-08,6724.96,121.51,1.84
2020-06-09,6860.87,135.91,2.02
2020-06-10,6818.27,-42.6,-0.62
2020-06-11,6781.86,-36.41,-0.53
2020-06-14,6883.59,101.73,1.5
2020-06-15,6931.36,47.77,0.69
2020-06-16,6867.4,-63.96,-0.92
2020-06-17,6942.5,75.1,1.09
2020-06-18,7064.46,121.96,1.76
2020-06-21,7225.01,160.55,2.27
2020-06-22,7279.77,54.76,0.76
2020-06-23,7316.95,37.18,0.51
2020-06-24,7380.7,63.75,0.87
2020-06-25,7440.41,59.71,0.81
2020-06-28,7580.45,140.04,1.88
2020-06-29,7609.01,28.56,0.38
2020-06-30,7671.06,62.05,0.82
2020-07-01,7724.45,53.39,0.7
2020-07-02,7827.51,103.06,1.33
2020-07-05,7896.99,69.48,0.89
2020-07-06,7887.11,-9.88,-0.13
2020-07-07,7826.62,-60.49,-0.77
2020-07-08,7769.73,-56.89,-0.73
2020-07-09,7795.11,25.38,0.33
2020-07-12,7767.39,-27.72,-0.36
2020-07-13,7734.45,-32.94,-0.42
2020-07-14,7676.59,-57.86,-0.75
2020-07-15,7625.81,-50.78,-0.66
2020-07-16,7612.2,-13.61,-0.18
2020-07-19,7637.26,25.06,0.33
2020-07-20,7630.41,-6.85,-0.09
2020-07-21,7610.05,-20.36,-0.27
2020-07-22,7568.87,-41.18,-0.54
2020-07-23,7522.53,-46.34,-0.61
2020-07-26,7522.53,0,0
2020-07-27,7476.06,-46.47,-0.62
2020-07-28,7451.27,-24.79,-0.33
2020-07-29,7546.94,95.67,1.28
2020-07-30,7636.42,89.48,1.19
2020-08-09,7624.55,-11.87,-0.16
2020-08-10,7626.02,1.47,0.02
2020-08-11,7595.79,-30.23,-0.4
2020-08-12,7598.65,2.86,0.04
2020-08-13,7552.47,-46.18,-0.61
2020-08-16,7520.32,-32.15,-0.43
2020-08-17,7543.87,23.55,0.31
2020-08-18,7537.59,-6.28,-0.08
2020-08-19,7573.38,35.79,0.47
2020-08-23,7551.61,-21.77,-0.29
2020-08-24,7572.49,20.88,0.28
2020-08-25,7547.15,-25.34,-0.33
2020-08-26,7511.81,-35.34,-0.47
2020-08-27,7499.03,-12.78,-0.17
2020-08-30,7493.25,-5.78,-0.08
2020-08-31,7483.08,-10.17,-0.14
2020-09-01,7454.81,-28.27,-0.38
2020-09-02,7414.2,-40.61,-0.54
2020-09-03,7515.12,100.92,1.36
2020-09-06,7522.17,7.05,0.09
2020-09-07,7514.17,-8,-0.11
2020-09-08,7548.26,34.09,0.45
2020-09-09,7521.86,-26.4,-0.35
2020-09-10,7492.27,-29.59,-0.39
2020-09-13,7461.94,-30.33,-0.4
2020-09-14,7431.08,-30.86,-0.41
2020-09-15,7390.29,-40.79,-0.55
2020-09-16,7347.99,-42.3,-0.57
2020-09-17,7355.33,7.34,0.1
2020-09-20,7397.31,41.98,0.57
2020-09-21,7424.39,27.08,0.37
2020-09-22,7384.01,-40.38,-0.54
2020-09-23,7362.5,-21.51,-0.29
2020-09-24,7340.4,-22.1,-0.3
2020-09-27,7311.03,-29.37,-0.4
2020-09-28,7357.24,46.21,0.63
2020-09-29,7374.34,17.1,0.23
2020-09-30,7436.76,62.42,0.85
2020-10-01,7453.14,16.38,0.22
2020-10-04,7428.35,-24.79,-0.33
2020-10-05,7438,9.65,0.13
2020-10-07,7445.72,7.72,0.1
2020-10-08,7441.64,-4.08,-0.05
2020-10-11,7402.53,-39.11,-0.53
2020-10-12,7419.64,17.11,0.23
2020-10-13,7424.51,4.87,0.07
2020-10-14,7420.45,-4.06,-0.05
2020-10-15,7419.25,-1.2,-0.02
2020-10-18,7420.37,1.12,0.02
2020-10-19,7402.95,-17.42,-0.23
2020-10-20,7445.43,42.48,0.57
2020-10-21,7446.43,1,0.01
2020-10-22,7444.85,-1.58,-0.02
2020-10-25,7415.95,-28.9,-0.39
2020-10-26,7406.26,-9.69,-0.13
2020-10-27,7414.44,8.18,0.11
2020-10-28,7422.01,7.57,0.1
2020-11-01,7424.36,2.35,0.03
2020-11-02,7419.8,-4.56,-0.06
2020-11-03,7473.83,54.03,0.73
2020-11-04,7487.41,13.58,0.18
2020-11-05,7496.49,9.08,0.12
2020-11-08,7504.55,8.06,0.11
2020-11-09,7530.21,25.66,0.34
2020-11-10,7565.86,35.65,0.47
2020-11-11,7573.63,7.77,0.1
2020-11-12,7634.76,61.13,0.81
2020-11-15,7663.62,28.86,0.38
2020-11-16,7716.77,53.15,0.69
2020-11-17,7716.15,-0.62,-0.01
2020-11-18,7672.06,-44.09,-0.57
2020-11-19,7723.9,51.84,0.68
2020-11-22,7733.39,9.49,0.12
2020-11-23,7700.17,-33.22,-0.43
2020-11-24,7697.6,-2.57,-0.03
2020-11-25,7658.74,-38.86,-0.5
2020-11-26,7674.83,16.09,0.21
2020-11-29,7702.28,27.45,0.36
2020-11-30,7693.85,-8.43,-0.11
2020-12-01,7706.83,12.98,0.17
2020-12-02,7694.25,-12.58,-0.16
2020-12-03,7667.08,-27.17,-0.35
2020-12-06,7674.01,6.93,0.09
2020-12-07,7728.92,54.91,0.72
2020-12-08,7705.8,-23.12,-0.3
2020-12-09,7712,6.2,0.08
2020-12-10,7701.93,-10.07,-0.13
2020-12-13,7750.88,48.95,0.64
2020-12-14,7756.58,5.7,0.07
2020-12-15,7787.16,30.58,0.39
2020-12-16,7789.8,2.64,0.03
2020-12-17,7850.18,60.38,0.78
2020-12-20,7871.81,21.63,0.28
2020-12-21,7896.36,24.55,0.31
2020-12-22,7917.37,21.01,0.27
2020-12-23,7980.27,62.9,0.79
2020-12-24,8082.65,102.38,1.28
2021-01-03,8134.58,51.93,0.64
2021-01-04,8198.64,64.06,0.79
2021-01-05,8198.34,-0.3,0
2021-01-06,8194.87,-3.47,-0.04
2021-01-07,8208.85,13.98,0.17
2021-01-10,8200.61,-8.24,-0.1
2021-01-11,8161.81,-38.8,-0.47
2021-01-12,8169.08,7.27,0.09
2021-01-13,8181.81,12.73,0.16
2021-01-14,8172.8,-9.01,-0.11
2021-01-17,8194.72,21.92,0.27
2021-01-18,8240.91,46.19,0.56
2021-01-19,8267.83,26.92,0.33
2021-01-20,8302.23,34.4,0.42
2021-01-21,8339.74,37.51,0.45
2021-01-24,8346.15,6.41,0.08
2021-01-25,8344.86,-1.29,-0.02
2021-01-26,8324.81,-20.05,-0.24
2021-01-27,8386.35,61.54,0.74
2021-01-28,8429.54,43.19,0.52
2021-01-31,8457.34,27.8,0.33
2021-02-01,8648.4,191.06,2.26
2021-02-02,8853.87,205.47,2.38
2021-02-03,9010.74,156.87,1.77
2021-02-04,9286.59,275.85,3.06
2021-02-07,9528.24,241.65,2.6
2021-02-08,9756.17,227.93,2.39
2021-02-09,9821.31,65.14,0.67
2021-02-10,9805.66,-15.65,-0.16
2021-02-11,9758.95,-46.71,-0.48
2021-02-14,9769.57,10.62,0.11
2021-02-15,9730.6,-38.97,-0.4
2021-02-16,9693.44,-37.16,-0.38
2021-02-17,9671.88,-21.56,-0.22
2021-02-18,9703.35,31.47,0.33
2021-02-21,9811.16,107.81,1.11
2021-02-22,9886.86,75.7,0.77
2021-02-23,9931.01,44.15,0.45
2021-02-24,10036.07,105.06,1.06
2021-02-25,10082.89,46.82,0.47
2021-02-28,10064.17,-18.72,-0.19
2021-03-01,10008.04,-56.13,-0.56
2021-03-02,10011.56,3.52,0.04
2021-03-03,10048.28,36.72,0.37
2021-03-04,10062.31,14.03,0.14
2021-03-07,10010.65,-51.66,-0.51
2021-03-08,10015.32,4.67,0.05
2021-03-09,10007.94,-7.38,-0.07
2021-03-10,10039.69,31.75,0.32
2021-03-11,10050.22,10.53,0.1
2021-03-14,10166.63,116.41,1.16
2021-03-15,10193.69,27.06,0.27
2021-03-16,10175.57,-18.12,-0.18
2021-03-17,10172.33,-3.24,-0.03
2021-03-18,10088.6,-83.73,-0.82
2021-03-22,10124.46,35.86,0.36
2021-03-23,10163.87,39.41,0.39
2021-03-24,10252.23,88.36,0.87
2021-03-25,10347.51,95.28,0.93
2021-03-28,10327.11,-20.4,-0.2
2021-03-29,10377.07,49.96,0.48
2021-03-30,10406.08,29.01,0.28
2021-03-31,10420.86,14.78,0.14
2021-04-01,10488,67.14,0.64
2021-04-05,10454.18,-33.82,-0.32
2021-04-06,10440.59,-13.59,-0.13
2021-04-07,10440.96,0.37,0
2021-04-08,10451.69,10.73,0.1
2021-04-11,10350.44,-101.25,-0.97
2021-04-12,10286.25,-64.19,-0.62
2021-04-13,10226.57,-59.68,-0.58
2021-04-14,10155.34,-71.23,-0.7
2021-04-15,10270.54,115.2,1.13
2021-04-18,10366.6,96.06,0.94
2021-04-19,10358.31,-8.29,-0.08
2021-04-20,10306.82,-51.49,-0.5
2021-04-21,10261.66,-45.16,-0.44
2021-04-22,10192.73,-68.93,-0.67
2021-04-25,10169.91,-22.82,-0.22
2021-04-26,10169.91,0,0
2021-04-27,10155.21,-14.7,-0.14
2021-04-28,10108.87,-46.34,-0.46
2021-04-29,10099.35,-9.52,-0.09
2021-05-09,10074.88,-24.47,-0.24
2021-05-10,10049.94,-24.94,-0.25
2021-05-11,10073.31,23.37,0.23
2021-05-12,10123.41,50.1,0.5
2021-05-17,10148.71,25.3,0.25
2021-05-18,10166.18,17.47,0.17
2021-05-19,10154.49,-11.69,-0.11
2021-05-20,10205.97,51.48,0.51
2021-05-23,10241.37,35.4,0.35
2021-05-24,10311.61,70.24,0.69
2021-05-25,10374.17,62.56,0.61
2021-05-26,10415.05,40.88,0.39
2021-05-27,10468.48,53.43,0.51
2021-05-30,10487.48,19,0.18
2021-05-31,10469.18,-18.3,-0.17
2021-06-01,10445.13,-24.05,-0.23
2021-06-02,10405.83,-39.3,-0.38
2021-06-03,10360.81,-45.02,-0.43
2021-06-06,10315.3,-45.51,-0.44
2021-06-07,10338.68,23.38,0.23
2021-06-08,10338.9,0.22,0
2021-06-09,10317.19,-21.71,-0.21
2021-06-10,10317.19,0,0
2021-06-13,10281.73,-35.46,-0.34
2021-06-14,10252.92,-28.81,-0.28
2021-06-15,10221.38,-31.54,-0.31
2021-06-16,10187.49,-33.89,-0.33
2021-06-17,10139.35,-48.14,-0.47
2021-06-20,10086.69,-52.66,-0.52
2021-06-21,10057.13,-29.56,-0.29
2021-06-22,10125.57,68.44,0.68
2021-06-23,10141.09,15.52,0.15
2021-06-24,10154.65,13.56,0.13
2021-06-27,10117.84,-36.81,-0.36
2021-06-28,10065.03,-52.81,-0.52
2021-06-29,10026.48,-38.55,-0.38
2021-06-30,10056.57,30.09,0.3
2021-07-01,10046.96,-9.61,-0.1
2021-07-04,10022.67,-24.29,-0.24
2021-07-05,9979.09,-43.58,-0.43
2021-07-06,9935.84,-43.25,-0.43
2021-07-07,9921.43,-14.41,-0.15
2021-07-08,9866.08,-55.35,-0.56
2021-07-11,9823.03,-43.05,-0.44
2021-07-12,9790.99,-32.04,-0.33
2021-07-13,9791.95,0.96,0.01
2021-07-14,9746.75,-45.2,-0.46
2021-07-15,9727.32,-19.43,-0.2
2021-07-25,9698.78,-28.54,-0.29
2021-07-26,9734.43,35.65,0.37
2021-07-27,9836.83,102.4,1.05
2021-07-28,9956.63,119.8,1.22
2021-07-29,10081.61,124.98,1.26
2021-08-01,10125.02,43.41,0.43
2021-08-02,10070.7,-54.32,-0.54
2021-08-03,10059.32,-11.38,-0.11
2021-08-04,10057.19,-2.13,-0.02
2021-08-05,10034.63,-22.56,-0.22
2021-08-09,9998.35,-36.28,-0.36
2021-08-10,9951.73,-46.62,-0.47
2021-08-11,10013.51,61.78,0.62
2021-08-12,9947.15,-66.36,-0.66
2021-08-15,9974.92,27.77,0.28
2021-08-16,10023.28,48.36,0.48
2021-08-17,10067.28,44,0.44
2021-08-18,10036.56,-30.72,-0.31
2021-08-19,10029.82,-6.74,-0.07
2021-08-22,10086.74,56.92,0.57
2021-08-23,10173.33,86.59,0.86
2021-08-24,10301.64,128.31,1.26
2021-08-25,10342.91,41.27,0.4
2021-08-26,10314.06,-28.85,-0.28
2021-08-29,10283.55,-30.51,-0.3
2021-08-30,10257.7,-25.85,-0.25
2021-08-31,10298.11,40.41,0.39
2021-09-01,10359.44,61.33,0.6
2021-09-02,10333.96,-25.48,-0.25
2021-09-05,10344.76,10.8,0.1
2021-09-06,10356.57,11.81,0.11
2021-09-07,10407.07,50.5,0.49
2021-09-08,10453.6,46.53,0.45
2021-09-09,10415.47,-38.13,-0.36
2021-09-12,10511.86,96.39,0.93
2021-09-13,10551.08,39.22,0.37
2021-09-14,10565.14,14.06,0.13
2021-09-15,10582.89,17.75,0.17
2021-09-16,10740.8,157.91,1.49
2021-09-19,10871.48,130.68,1.22
2021-09-20,10982.74,111.26,1.02
2021-09-21,11080.22,97.48,0.89
2021-09-22,11195.58,115.36,1.04
2021-09-23,11303.81,108.23,0.97
2021-09-26,11315.24,11.43,0.1
2021-09-27,11330.12,14.88,0.13
2021-09-28,11376.72,46.6,0.41
2021-09-29,11406.13,29.41,0.26
2021-09-30,11356.5,-49.63,-0.44
2021-10-03,11279.4,-77.1,-0.68
2021-10-04,11234,-45.4,-0.4
2021-10-05,11208.85,-25.15,-0.22
2021-10-10,11211.7,2.85,0.03
2021-10-11,11211.83,0.13,0
2021-10-12,11214.36,2.53,0.02
2021-10-13,11291.02,76.66,0.68
2021-10-14,11281.92,-9.1,-0.08
2021-10-19,11281.45,-0.47,0
2021-10-20,11284.54,3.09,0.03
2021-10-21,11384.2,99.66,0.88
2021-10-24,11558.16,173.96,1.53
2021-10-25,11613.8,55.64,0.48
2021-10-26,11544.82,-68.98,-0.59
2021-10-27,11489.2,-55.62,-0.48
2021-10-28,11543.21,54.01,0.47
2021-10-31,11691.14,147.93,1.28
2021-11-01,11716.22,25.08,0.21
2021-11-02,11696.11,-20.11,-0.17
2021-11-03,11610.43,-85.68,-0.73
2021-11-04,11665.13,54.7,0.47
2021-11-07,11604.47,-60.66,-0.52
2021-11-08,11648.8,44.33,0.38
2021-11-09,11769.63,120.83,1.04
2021-11-10,11920.43,150.8,1.28
2021-11-11,12034.73,114.3,0.96
2021-11-14,12010.14,-24.59,-0.2
2021-11-15,12266.78,256.64,2.14
2021-11-16,12531.32,264.54,2.16
2021-11-17,12832.84,301.52,2.41
2021-11-18,13020.17,187.33,1.46
2021-11-21,13086.59,66.42,0.51
2021-11-22,13270.5,183.91,1.41
2021-11-23,13606.45,335.95,2.53
2021-11-24,13823.28,216.83,1.59
2021-11-25,14038.12,214.84,1.55
2021-11-28,14005.44,-32.68,-0.23
2021-11-29,14310.88,305.44,2.18
2021-11-30,14498.37,187.49,1.31
2021-12-01,14477.59,-20.78,-0.14
2021-12-02,14491.14,13.55,0.09
2021-12-05,14700.16,209.02,1.44
2021-12-06,15083.61,383.45,2.61
2021-12-07,15425.13,341.52,2.26
2021-12-08,15598.06,172.93,1.12
2021-12-09,15918.38,320.32,2.05
2021-12-12,15927.17,8.79,0.06
2021-12-13,16266.6,339.43,2.13
2021-12-14,16726.68,460.08,2.83
2021-12-15,16629.01,-97.67,-0.58
2021-12-16,16523.91,-105.1,-0.63
2021-12-19,16767.45,243.54,1.47
2021-12-20,16413.25,-354.2,-2.11
2021-12-21,16269,-144.25,-0.88
2021-12-22,16499.51,230.51,1.42
2021-12-23,16675.84,176.33,1.07
2021-12-27,16535.62,-140.22,-0.84
2021-12-28,16942.87,407.25,2.46
2021-12-29,17314.19,371.32,2.19
2021-12-30,17493.79,179.6,1.04
2022-01-03,17581.43,87.64,0.5
2022-01-04,17855.93,274.5,1.56
2022-01-05,18338.84,482.91,2.7
2022-01-06,18405.95,67.11,0.37
2022-01-09,18154.62,-251.33,-1.37
2022-01-10,18360.32,205.7,1.13
2022-01-11,18337.47,-22.85,-0.12
2022-01-12,18724.24,386.77,2.11
2022-01-13,18950.11,225.87,1.21
2022-01-16,19325.43,375.32,1.98
2022-01-17,19403.23,77.8,0.4
2022-01-18,19325.59,-77.64,-0.4
2022-01-19,19462.12,136.53,0.71
2022-01-20,19251.21,-210.91,-1.08
2022-01-30,19062.38,-188.83,-0.98
2022-01-31,19077.9,15.52,0.08
2022-02-01,19165.48,87.58,0.46
2022-02-02,19384.74,219.26,1.14
2022-02-03,19572.64,187.9,0.97
2022-02-06,19440.22,-132.42,-0.68
2022-02-07,19590.44,150.22,0.77
2022-02-08,19619.25,28.81,0.15
2022-02-09,19607.59,-11.66,-0.06
2022-02-10,19600.39,-7.2,-0.04
2022-02-13,19906.66,306.27,1.56
2022-02-14,20081.04,174.38,0.88
2022-02-15,20243.53,162.49,0.81
2022-02-16,20437.86,194.33,0.96
2022-02-17,20603.56,165.7,0.81
2022-02-20,20532.62,-70.94,-0.34
2022-02-21,20133.12,-399.5,-1.95
2022-02-22,19750.62,-382.5,-1.9
2022-02-23,19941,190.38,0.96
2022-02-24,20223.1,282.1,1.41
2022-02-27,20044.85,-178.25,-0.88
2022-02-28,20088.63,43.78,0.22
2022-03-01,20024.41,-64.22,-0.32
2022-03-02,19606.94,-417.47,-2.08
2022-03-03,19718.63,111.69,0.57
2022-03-06,19750.33,31.7,0.16
2022-03-07,19689.11,-61.22,-0.31
2022-03-08,19673,-16.11,-0.08
2022-03-09,19702.22,29.22,0.15
2022-03-10,19679.12,-23.1,-0.12
2022-03-13,19638.94,-40.18,-0.2
2022-03-14,19505.67,-133.27,-0.68
2022-03-15,19357.44,-148.23,-0.76
2022-03-16,19376.29,18.85,0.1
2022-03-17,19316.92,-59.37,-0.31
2022-03-22,19544.55,227.63,1.18
2022-03-23,19468.07,-76.48,-0.39
2022-03-24,19494.09,26.02,0.13
2022-03-27,19406.48,-87.61,-0.45
2022-03-28,19349.84,-56.64,-0.29
2022-03-29,19435.04,85.2,0.44
2022-03-30,19495.37,60.33,0.31
2022-03-31,19470.5,-24.87,-0.13
2022-04-03,19445.25,-25.25,-0.13
2022-04-04,19444.86,-0.39,0
2022-04-05,19449.48,4.62,0.02
2022-04-06,19410.79,-38.69,-0.2
2022-04-07,19417.91,7.12,0.04
2022-04-10,19533.24,115.33,0.59
2022-04-11,19617.72,84.48,0.43
2022-04-12,19591.5,-26.22,-0.13
2022-04-13,19610.81,19.31,0.1
2022-04-14,19645.2,34.39,0.18
2022-04-18,19641.9,-3.3,-0.02
2022-04-19,19511.88,-130.02,-0.66
2022-04-20,19521.71,9.83,0.05
2022-04-21,19564.67,42.96,0.22
2022-04-25,19617.05,52.38,0.27
2022-04-26,19778.07,161.02,0.82
2022-04-27,19901.79,123.72,0.63
2022-04-28,20009.5,107.71,0.54
2022-05-08,19995.35,-14.15,-0.07
2022-05-09,19797.96,-197.39,-0.99
2022-05-10,19874.47,76.51,0.39
2022-05-11,20054.79,180.32,0.91
2022-05-12,20289.24,234.45,1.17
2022-05-15,20138.87,-150.37,-0.74
2022-05-16,20099.02,-39.85,-0.2
2022-05-17,20130.1,31.08,0.15
2022-05-18,20262.79,132.69,0.66
2022-05-19,20321.61,58.82,0.29
2022-05-22,20450.83,129.22,0.64
2022-05-23,20336.17,-114.66,-0.56
2022-05-24,20312.08,-24.09,-0.12
2022-05-25,20279.75,-32.33,-0.16
2022-05-26,20075.86,-203.89,-1.01
2022-05-29,19937.31,-138.55,-0.69
2022-05-30,19936.05,-1.26,-0.01
2022-05-31,19905.69,-30.36,-0.15
2022-06-01,19966.77,61.08,0.31
2022-06-02,20033.97,67.2,0.34
2022-06-05,20098.17,64.2,0.32
2022-06-06,20195.04,96.87,0.48
2022-06-07,20298.87,103.83,0.51
2022-06-08,20460.87,162,0.8
2022-06-09,20484.79,23.92,0.12
2022-06-12,20692.18,207.39,1.01
2022-06-13,20862.21,170.03,0.82
2022-06-14,20797.09,-65.12,-0.31
2022-06-15,20828.87,31.78,0.15
2022-06-16,20775.59,-53.28,-0.26
2022-06-19,20786.6,11.01,0.05
2022-06-20,20783.11,-3.49,-0.02
2022-06-21,20714.07,-69.04,-0.33
2022-06-22,20535.83,-178.24,-0.86
2022-06-23,20406.79,-129.04,-0.63
2022-06-26,20522.19,115.4,0.57
2022-06-27,20615.99,93.8,0.46
2022-06-28,20773.04,157.05,0.76
2022-06-29,20968.43,195.39,0.94
2022-06-30,21036.59,68.16,0.33
2022-07-03,20825.36,-211.23,-1
2022-07-04,20869.54,44.18,0.21
2022-07-05,20872.57,3.03,0.01
2022-07-06,21026.02,153.45,0.74
2022-07-07,21116.41,90.39,0.43
2022-07-17,21100.83,-15.58,-0.07
2022-07-18,21134.25,33.42,0.16
2022-07-19,21106.54,-27.71,-0.13
2022-07-20,21048.63,-57.91,-0.27
2022-07-21,21060.63,12,0.06
2022-07-24,21042.02,-18.61,-0.09
2022-07-25,20832.97,-209.05,-0.99
2022-07-26,20826.37,-6.6,-0.03
2022-07-27,21089.79,263.42,1.26
2022-07-28,21330.57,240.78,1.14
2022-07-31,21396.17,65.6,0.31
2022-08-01,21510.67,114.5,0.54
2022-08-02,21469.2,-41.47,-0.19
2022-08-03,21721.01,251.81,1.17
2022-08-04,21878.64,157.63,0.73
2022-08-07,21951.06,72.42,0.33
2022-08-08,22036.16,85.1,0.39
2022-08-09,22105.56,69.4,0.31
2022-08-10,22177.92,72.36,0.33
2022-08-11,22258.21,80.29,0.36
2022-08-14,22106.32,-151.89,-0.68
2022-08-15,21939.44,-166.88,-0.75
2022-08-16,21937.99,-1.45,-0.01
2022-08-17,22044.9,106.91,0.49
2022-08-18,22119.15,74.25,0.34
2022-08-21,22054.61,-64.54,-0.29
2022-08-22,22115.72,61.11,0.28
2022-08-23,22161.05,45.33,0.2
2022-08-24,22405.41,244.36,1.1
2022-08-25,22580,174.59,0.78
2022-08-28,22434.12,-145.88,-0.65
2022-08-29,22471.43,37.31,0.17
2022-08-30,22442.07,-29.36,-0.13
2022-08-31,22348.65,-93.42,-0.42
2022-09-01,22373.92,25.27,0.11
2022-09-04,22360.36,-13.56,-0.06
2022-09-05,22241.52,-118.84,-0.53
2022-09-06,22227.97,-13.55,-0.06
2022-09-07,22440.34,212.37,0.96
2022-09-08,22525.2,84.86,0.38
2022-09-11,22633.85,108.65,0.48
2022-09-12,22691.2,57.35,0.25
2022-09-13,22831.1,139.9,0.62
2022-09-14,22881.56,50.46,0.22
2022-09-15,22882.09,0.53,0
2022-09-18,22845.84,-36.25,-0.16
2022-09-19,22775.41,-70.43,-0.31
2022-09-20,22657.74,-117.67,-0.52
2022-09-21,22633.51,-24.23,-0.11
2022-09-22,22649.29,15.78,0.07
2022-09-25,22686.69,37.4,0.17
2022-09-26,22606.21,-80.48,-0.35
2022-09-27,22661.35,55.14,0.24
2022-09-28,22666.56,5.21,0.02
2022-09-29,22691.75,25.19,0.11
2022-10-02,22698.3,6.55,0.03
2022-10-03,22747.23,48.93,0.22
2022-10-04,22834.34,87.11,0.38
2022-10-05,22859.71,25.37,0.11
2022-10-10,22984.06,124.35,0.54
2022-10-11,23096.78,112.72,0.49
2022-10-12,23317.22,220.44,0.95
2022-10-13,23439.48,122.26,0.52
2022-10-16,23393.78,-45.7,-0.19
2022-10-17,23529.2,135.42,0.58
2022-10-18,23463.98,-65.22,-0.28
2022-10-19,23359.83,-104.15,-0.44
2022-10-20,23179.4,-180.43,-0.77
2022-10-23,23206.84,27.44,0.12
2022-10-24,23205.32,-1.52,-0.01
2022-10-25,23038.15,-167.17,-0.72
2022-10-26,23071.71,33.56,0.15
2022-10-27,23200.04,128.33,0.56
2022-10-30,23497.46,297.42,1.28
2022-10-31,24049.5,552.04,2.35
2022-11-01,24380.31,330.81,1.38
2022-11-02,24624.34,244.03,1
2022-11-03,24875.68,251.34,1.02
2022-11-06,25010.96,135.28,0.54
2022-11-07,24930.75,-80.21,-0.32
2022-11-08,25077.97,147.22,0.59
2022-11-09,25563.28,485.31,1.94
2022-11-10,26080.29,517.01,2.02
2022-11-13,26776.5,696.21,2.67
2022-11-14,27391.14,614.64,2.3
2022-11-15,27748.41,357.27,1.3
2022-11-16,27381.83,-366.58,-1.32
2022-11-17,27326.46,-55.37,-0.2
2022-11-20,27735.51,409.05,1.5
2022-11-21,28130.54,395.03,1.42
2022-11-22,28164.32,33.78,0.12
2022-11-23,27851.42,-312.9,-1.11
2022-11-24,27870.42,19,0.07
2022-11-27,27552.13,-318.29,-1.14
2022-11-28,27355.64,-196.49,-0.71
2022-11-29,27622.1,266.46,0.97
2022-11-30,27840.26,218.16,0.79
2022-12-01,27855.48,15.22,0.05
2022-12-04,27820.89,-34.59,-0.12
2022-12-05,27698.21,-122.68,-0.44
2022-12-06,27798.92,100.71,0.36
2022-12-07,27994.68,195.76,0.7
2022-12-08,28164.95,170.27,0.61
2022-12-12,28496.74,331.79,1.18
2022-12-13,28391.22,-105.52,-0.37
2022-12-14,28798.55,407.33,1.43
2022-12-15,28763.65,-34.9,-0.12
2022-12-19,28812.91,49.26,0.17
2022-12-20,28901.55,88.64,0.31
2022-12-21,29303.48,401.93,1.39
2022-12-22,30244.68,941.2,3.21
2023-01-02,31164.28,919.6,3.04
2023-01-03,32187.25,1022.97,3.28
2023-01-04,32772.27,585.02,1.82
2023-01-05,32918.33,146.06,0.45
2023-01-08,32785.12,-133.21,-0.4
2023-01-09,33060.91,275.79,0.84
2023-01-10,33315.24,254.33,0.77
2023-01-11,33752.79,437.55,1.31
2023-01-12,33633.05,-119.74,-0.35
2023-01-15,33879.23,246.18,0.73
2023-01-16,33766.76,-112.47,-0.33
2023-01-17,33796.61,29.85,0.09
2023-01-18,34166.88,370.27,1.1
2023-01-19,34406.37,239.49,0.7
2023-01-22,34582.39,176.02,0.51
2023-01-23,34486.9,-95.49,-0.28
2023-01-24,34675.88,188.98,0.55
2023-01-25,34614.73,-61.15,-0.18
2023-01-26,34574.13,-40.6,-0.12
2023-01-29,34829.28,255.15,0.74
2023-01-30,34985.15,155.87,0.45
2023-01-31,35092.16,107.01,0.31
2023-02-01,35368.06,275.9,0.79
2023-02-02,35582.54,214.48,0.61
2023-02-05,35491.41,-91.13,-0.26
2023-02-06,35766.55,275.14,0.78
2023-02-07,35792.19,25.64,0.07
2023-02-08,35857.69,65.5,0.18
2023-02-09,36017.4,159.71,0.45
2023-02-12,35639,-215.77,-0.6
2023-02-13,35060.37,-578.63,-1.62
2023-02-14,34645.01,-415.36,-1.18
2023-02-15,34707.01,62,0.18
2023-02-16,34558.36,-148.65,-0.43
2023-02-19,34694.73,136.37,0.39
2023-02-20,34725.8,31.07,0.09
2023-02-21,34507.85,-217.95,-0.63
2023-02-22,34533.34,25.49,0.07
2023-02-23,34609.54,76.2,0.22
2023-02-26,34638.4,28.86,0.08
2023-02-27,34456.08,-182.32,-0.53
2023-02-28,34390.39,-65.69,-0.19
2023-03-01,34409.27,18.88,0.05
2023-03-02,34212.63,-196.64,-0.57
2023-03-05,34359.66,147.03,0.43
2023-03-06,34198.6,-161.06,-0.47
2023-03-07,34102.76,-95.84,-0.28
2023-03-08,34166,63.24,0.19
2023-03-09,34191.71,25.71,0.08
2023-03-12,33703.65,-488.06,-1.43
2023-03-13,33711.85,8.2,0.02
2023-03-14,33506.64,-205.21,-0.61
2023-03-15,33933.68,427.04,1.27
2023-03-16,34098.57,164.89,0.49
2023-03-19,33968.74,-129.83,-0.38
2023-03-20,33881.94,-86.8,-0.26
2023-03-22,33825.05,-56.89,-0.17
2023-03-23,33482.34,-342.71,-1.01
2023-03-26,33199.4,-282.94,-0.85
2023-03-27,33331.15,131.75,0.4
2023-03-28,33207.83,-123.32,-0.37
2023-03-29,33217.52,9.69,0.03
2023-03-30,32868.02,-349.5,-1.05
2023-04-02,32526.76,-341.26,-1.04
2023-04-03,32822.86,296.1,0.91
2023-04-04,32852.57,29.71,0.09
2023-04-05,32989.22,136.65,0.42
2023-04-06,32990.17,0.95,0
2023-04-10,32857.08,-133.09,-0.4
2023-04-11,32640.2,-216.88,-0.66
2023-04-12,32843.57,203.37,0.62
2023-04-12,32843.57,203.37,0.62
2023-04-13,32909.88,66.31,0.2
2023-04-24,33231.3,321.42,0.98
2023-04-25,33274.01,42.71,0.13
2023-04-26,33162.09,-111.92,-0.34
2023-04-27,33283.14,121.05,0.37
2023-04-30,33309.36,26.22,0.08
2023-05-02,33092.69,-216.67,-0.65
2023-05-03,32487.14,-605.55,-1.83
2023-05-04,32192.91,-294.23,-0.91
2023-05-07,32691.84,498.93,1.55
2023-05-08,33534.33,842.49,2.58
2023-05-09,34302.89,768.56,2.29
2023-05-10,34850.42,547.53,1.6
2023-05-11,35264.13,413.71,1.19
2023-05-14,35357.16,93.03,0.26
2023-05-15,35899.69,542.53,1.53
2023-05-16,36412.93,513.24,1.43
2023-05-17,36508.16,95.23,0.26
2023-05-18,36433.21,-74.95,-0.21
2023-05-21,36240.08,-193.13,-0.53
2023-05-22,36197.78,-42.3,-0.12
2023-05-23,36577.17,379.39,1.05
2023-05-24,37174.74,597.57,1.63
2023-05-25,37652.27,477.53,1.28
2023-05-28,37908.27,256,0.68
2023-05-29,37956.54,48.27,0.13
2023-05-30,37993.99,37.45,0.1
2023-05-31,37861.08,-132.91,-0.35
2023-06-01,37970.34,109.26,0.29
2023-06-04,38321.71,351.37,0.93
2023-06-05,38192.05,-129.66,-0.34
2023-06-06,38297.51,105.46,0.28
2023-06-07,38319.98,22.47,0.06
2023-06-08,38350.87,30.89,0.08
2023-06-11,37844.77,-506.1,-1.32
2023-06-12,37670.15,-174.62,-0.46
2023-06-13,37362.48,-307.67,-0.82
2023-06-14,37389.1,26.62,0.07
2023-06-15,37715.57,326.47,0.87
2023-06-18,37441.7,-273.87,-0.73
2023-06-19,37313.06,-128.64,-0.34
2023-06-20,36884.27,-428.79,-1.15
2023-06-21,36921.06,36.79,0.1
2023-06-22,37103.19,182.13,0.49
2023-06-25,37402.45,299.26,0.81
2023-06-26,37582.74,180.29,0.48
2023-06-27,37660.26,77.52,0.21
2023-07-02,37653.52,-6.74,-0.02
2023-07-03,37685.83,32.31,0.09
2023-07-04,37697.21,11.38,0.03
2023-07-05,38026.96,329.75,0.87
2023-07-06,38207.99,181.03,0.48
2023-07-09,38261.66,53.67,0.14
2023-07-10,38185.93,-75.73,-0.2
2023-07-11,38221.85,35.92,0.09
2023-07-12,38196.83,-25.02,-0.07
2023-07-13,38357.98,161.15,0.42
2023-07-16,38546.47,188.49,0.49
2023-07-17,38483.89,-62.58,-0.16
2023-07-18,38812.42,328.53,0.85
2023-07-23,39471.79,659.37,1.7
2023-07-24,39972.98,501.19,1.27
2023-07-25,40280.63,307.65,0.77
2023-07-26,40570.26,289.63,0.72
2023-07-27,41006.3,436.04,1.07
2023-07-30,41358.23,351.93,0.86
2023-07-31,41947.53,589.3,1.42
2023-08-01,42495.61,548.08,1.31
2023-08-02,43184.73,689.12,1.62
2023-08-03,44016.82,832.09,1.93
2023-08-06,44980.84,964.02,2.19
2023-08-07,46219.79,1238.95,2.75
2023-08-08,47259.87,1040.08,2.25
2023-08-09,48535.36,1275.49,2.7
2023-08-10,50236.22,1700.86,3.5
2023-08-13,51736.26,1500.04,2.99
2023-08-14,52868.33,1132.07,2.19
2023-08-15,53390.51,522.18,0.99
2023-08-16,54061.1,670.59,1.26
2023-08-17,55723.49,1662.39,3.08
2023-08-20,57147.06,1423.57,2.55
2023-08-21,57555.14,408.08,0.71
2023-08-22,57732.37,177.23,0.31
2023-08-23,56660.95,-1071.42,-1.86
2023-08-24,55290.24,-1370.71,-2.42
2023-08-27,55379.88,89.64,0.16
2023-08-28,56756.97,1377.09,2.49
2023-08-29,57091.05,334.08,0.59
2023-08-30,55937.02,-1154.03,-2.02
2023-08-31,55390.14,-546.88,-0.98
2023-09-03,54012.66,-1377.48,-2.49
2023-09-04,54483.8,471.14,0.87
2023-09-05,54571.68,87.88,0.16
2023-09-06,55344.8,773.12,1.42
2023-09-07,55679.38,334.58,0.6
2023-09-10,54894.64,-784.74,-1.41
2023-09-11,54815.79,-78.85,-0.14
2023-09-12,54857.12,41.33,0.08
2023-09-13,55407.76,550.64,1
2023-09-14,55648.05,240.29,0.43
2023-09-17,55707.95,59.9,0.11
2023-09-18,56034.56,326.61,0.59
2023-09-19,55584.07,-450.49,-0.8
2023-09-20,56686.83,1102.76,1.98
2023-09-21,56624.61,-62.22,-0.11
2023-09-24,56465.79,-158.82,-0.28
2023-09-25,56369.16,-96.63,-0.17
2023-09-26,56314.61,-54.55,-0.1
2023-10-01,55492.12,-822.49,-1.46
2023-10-02,55401.31,-90.81,-0.16
2023-10-03,54387.69,-1013.62,-1.83
2023-10-04,54415.45,27.76,0.05
2023-10-05,53684.02,-731.43,-1.34
2023-10-08,53003.16,-680.86,-1.27
2023-10-09,52216.18,-786.98,-1.48
2023-10-10,51961.38,-254.8,-0.49
2023-10-11,52192.48,231.1,0.44
2023-10-12,52852.65,660.17,1.26
2023-10-15,53339.55,486.9,0.92
2023-10-16,52544.28,-795.27,-1.49
2023-10-17,52504.85,-39.43,-0.08
2023-10-18,52822.81,317.96,0.61
2023-10-19,53116.22,293.41,0.56
2023-10-22,53183.96,67.74,0.13
2023-10-23,52890.72,-293.24,-0.55
2023-10-24,53399.68,508.96,0.96
2023-10-25,53874.36,474.68,0.89
2023-10-26,54302.08,427.72,0.79
2023-10-29,54885.51,583.43,1.07
2023-10-30,54945.1,59.59,0.11
2023-10-31,54788.03,-157.07,-0.29
2023-11-01,54471.71,-316.32,-0.58
2023-11-02,54226.08,-245.63,-0.45
2023-11-05,53798.27,-427.81,-0.79
2023-11-06,53371.62,-426.65,-0.79
2023-11-07,53742.34,370.72,0.69
2023-11-08,53297.34,-445,-0.83
2023-11-09,52577.6,-719.74,-1.35
2023-11-12,52610,32.4,0.06
2023-11-13,52849.51,239.51,0.46
2023-11-14,53119.35,269.84,0.51
2023-11-15,53093.96,-25.39,-0.05
2023-11-16,52868.93,-225.03,-0.42
2023-11-19,52440.51,-428.42,-0.81
2023-11-20,53117.34,676.83,1.29
2023-11-21,53566.49,449.15,0.85
2023-11-22,53707.53,141.04,0.26
2023-11-23,53461.6,-245.93,-0.46
2023-11-26,53550.93,89.33,0.17
2023-11-27,53628.22,77.29,0.14
2023-11-28,53685.69,57.47,0.11
2023-11-29,53514.49,-171.2,-0.32
2023-11-30,53821.68,307.19,0.57
2023-12-03,53534.46,-287.22,-0.53
2023-12-04,53634.82,100.36,0.19
2023-12-05,53750.68,115.86,0.22
2023-12-06,54258.19,507.51,0.94
2023-12-07,54282.67,24.48,0.05
2023-12-10,54505.82,223.15,0.41
2023-12-11,54811.41,305.59,0.56
2023-12-12,55482.8,671.39,1.22
2023-12-13,55656.97,174.17,0.31
2023-12-14,55583.49,-73.48,-0.13
2023-12-17,56349.99,766.5,1.38
2023-12-18,56223.02,-126.97,-0.23
2023-12-19,57442.68,1219.66,2.17
2023-12-20,58759.59,1316.91,2.29
2023-12-21,60172.28,1412.69,2.4
2024-01-02,59979.29,-192.99,-0.32
2024-01-03,59591.71,-387.58,-0.65
2024-01-04,59385.17,-206.54,-0.35
2024-01-07,60756.22,1371.05,2.31
2024-01-08,61370.22,614,1.01
2024-01-09,61626.96,256.74,0.42
2024-01-10,61665.93,38.97,0.06
2024-01-11,62298.35,632.42,1.03
2024-01-14,62679.23,380.88,0.61
2024-01-15,63224.61,545.38,0.87
2024-01-16,63330.69,106.08,0.17
2024-01-17,63755.25,424.56,0.67
2024-01-18,64106.86,351.61,0.55
2024-01-21,64119.9,13.04,0.02
2024-01-22,64887.61,767.71,1.2
2024-01-23,65800.68,913.07,1.41
2024-01-24,67575.75,1775.07,2.7
2024-01-25,70041.08,2465.33,3.65
2024-01-28,72319.5,2278.42,3.25
2024-01-29,74591.13,2271.63,3.14
2024-01-30,76568.04,1976.91,2.65
2024-01-31,77872.97,1304.93,1.7
2024-02-01,76330.9,-1542.07,-1.98
2024-02-04,74602.62,-1728.28,-2.26
2024-02-05,74250.8,-351.82,-0.47
2024-02-06,76771.08,2520.28,3.39
2024-02-07,78466.57,1695.49,2.21
2024-02-08,78542.75,76.18,0.1
2024-02-11,77466.31,-1076.44,-1.37
2024-02-12,77883.18,416.87,0.54
2024-02-13,77764.86,-118.32,-0.15
2024-02-14,78157.83,392.97,0.51
2024-02-15,77541.18,-616.65,-0.79
2024-02-18,77963.54,422.36,0.54
